period,hydrolysis,final_memory,ratchet_state
1.5,0.08,2.832595716678892,retained
1.5,0.10161290322580646,2.6212493478425576,retained
1.5,0.12322580645161291,2.432082204287285,retained
1.5,0.14483870967741935,2.2624225059271317,retained
1.5,0.1664516129032258,2.109945265124835,retained
1.5,0.18806451612903224,1.9726251574537295,retained
1.5,0.20967741935483875,1.848695996245112,retained
1.5,0.2312903225806452,1.7366158655757968,retained
1.5,0.25290322580645164,1.6350371037890497,retained
1.5,0.2745161290322581,1.5427804468696626,retained
1.5,0.29612903225806453,1.4588127410081861,retained
1.5,0.317741935483871,1.3822277190401355,retained
1.5,0.3393548387096775,1.3122294083035915,retained
1.5,0.3609677419354839,1.2481177996690265,retained
1.5,0.38258064516129037,1.1892764606304116,retained
1.5,0.4041935483870968,1.135161820744247,retained
1.5,0.42580645161290326,1.0852938965024206,retained
1.5,0.4474193548387097,1.0392482558955283,retained
1.5,0.46903225806451615,0.996649051291878,weak_or_lost
1.5,0.4906451612903226,0.9571629735274724,weak_or_lost
1.5,0.512258064516129,0.9204940008736792,weak_or_lost
1.5,0.5338709677419355,0.8863788343331125,weak_or_lost
1.5,0.555483870967742,0.8545829259461059,weak_or_lost
1.5,0.5770967741935484,0.8248970198416213,weak_or_lost
1.5,0.5987096774193549,0.7971341369543041,weak_or_lost
1.5,0.6203225806451613,0.7711269439238154,weak_or_lost
1.5,0.6419354838709678,0.7467254549243997,weak_or_lost
1.5,0.6635483870967742,0.7237950222383712,weak_or_lost
1.5,0.6851612903225807,0.7022145774551913,weak_or_lost
1.5,0.7067741935483871,0.6818750903912851,weak_or_lost
1.5,0.7283870967741936,0.6626782173074524,weak_or_lost
1.5,0.75,0.6445351138553497,weak_or_lost
1.8387096774193548,0.08,3.3132958836294426,retained
1.8387096774193548,0.10161290322580646,3.0201667253267055,retained
1.8387096774193548,0.12322580645161291,2.763829104004326,retained
1.8387096774193548,0.14483870967741935,2.538963762901682,retained
1.8387096774193548,0.1664516129032258,2.341081505493895,retained
1.8387096774193548,0.18806451612903224,2.166387452295757,retained
1.8387096774193548,0.20967741935483875,2.011668197950591,retained
1.8387096774193548,0.2312903225806452,1.874197920342291,retained
1.8387096774193548,0.25290322580645164,1.751660184969093,retained
1.8387096774193548,0.2745161290322581,1.6420827567962828,retained
1.8387096774193548,0.29612903225806453,1.5437832001589658,retained
1.8387096774193548,0.317741935483871,1.4553234329743439,retained
1.8387096774193548,0.3393548387096775,1.3754717192766566,retained
1.8387096774193548,0.3609677419354839,1.3031708459945948,retained
1.8387096774193548,0.38258064516129037,1.2375114458705592,retained
1.8387096774193548,0.4041935483870968,1.1777096066175377,retained
1.8387096774193548,0.42580645161290326,1.1230880535102548,retained
1.8387096774193548,0.4474193548387097,1.0730603141059363,retained
1.8387096774193548,0.46903225806451615,1.0271173742004847,retained
1.8387096774193548,0.4906451612903226,0.9848164171580561,weak_or_lost
1.8387096774193548,0.512258064516129,0.9457713074569752,weak_or_lost
1.8387096774193548,0.5338709677419355,0.9096445361818009,weak_or_lost
1.8387096774193548,0.555483870967742,0.8761403933250582,weak_or_lost
1.8387096774193548,0.5770967741935484,0.8449991708425606,weak_or_lost
1.8387096774193548,0.5987096774193549,0.8159922328331569,weak_or_lost
1.8387096774193548,0.6203225806451613,0.788917816140441,weak_or_lost
1.8387096774193548,0.6419354838709678,0.763597447051228,weak_or_lost
1.8387096774193548,0.6635483870967742,0.7398728783773318,weak_or_lost
1.8387096774193548,0.6851612903225807,0.7176034667002762,weak_or_lost
1.8387096774193548,0.7067741935483871,0.6966639224669489,weak_or_lost
1.8387096774193548,0.7283870967741936,0.676942376389033,weak_or_lost
1.8387096774193548,0.75,0.6583387145846262,weak_or_lost
2.1774193548387095,0.08,3.731811660803328,retained
2.1774193548387095,0.10161290322580646,3.354604837042153,retained
2.1774193548387095,0.12322580645161291,3.031985558713266,retained
2.1774193548387095,0.14483870967741935,2.7548188320745206,retained
2.1774193548387095,0.1664516129032258,2.515623006421359,retained
2.1774193548387095,0.18806451612903224,2.3082558138128655,retained
2.1774193548387095,0.20967741935483875,2.1276619572191984,retained
2.1774193548387095,0.2312903225806452,1.9696699099774753,retained
2.1774193548387095,0.25290322580645164,1.8308281023942026,retained
2.1774193548387095,0.2745161290322581,1.7082726663115266,retained
2.1774193548387095,0.29612903225806453,1.599620493178523,retained
2.1774193548387095,0.317741935483871,1.50288262080446,retained
2.1774193548387095,0.3393548387096775,1.4163939658782225,retained
2.1774193548387095,0.3609677419354839,1.3387562168134817,retained
2.1774193548387095,0.38258064516129037,1.2687913367092578,retained
2.1774193548387095,0.4041935483870968,1.205503632606152,retained
2.1774193548387095,0.42580645161290326,1.148048751235083,retained
2.1774193548387095,0.4474193548387097,1.0957082840742856,retained
2.1774193548387095,0.46903225806451615,1.0478689223859488,retained
2.1774193548387095,0.4906451612903226,1.004005309194387,retained
2.1774193548387095,0.512258064516129,0.9636659003704922,weak_or_lost
2.1774193548387095,0.5338709677419355,0.9264612794251996,weak_or_lost
2.1774193548387095,0.555483870967742,0.8920544769029254,weak_or_lost
2.1774193548387095,0.5770967741935484,0.8601529306657936,weak_or_lost
2.1774193548387095,0.5987096774193549,0.8305017920585741,weak_or_lost
2.1774193548387095,0.6203225806451613,0.8028783382777037,weak_or_lost
2.1774193548387095,0.6419354838709678,0.7770872958943026,weak_or_lost
2.1774193548387095,0.6635483870967742,0.7529569165212621,weak_or_lost
2.1774193548387095,0.6851612903225807,0.7303356747615266,weak_or_lost
2.1774193548387095,0.7067741935483871,0.7090894821816021,weak_or_lost
2.1774193548387095,0.7283870967741936,0.6890993302031788,weak_or_lost
2.1774193548387095,0.75,0.6702592903629577,weak_or_lost
2.5161290322580645,0.08,4.095565495211814,retained
2.5161290322580645,0.10161290322580646,3.634725770895121,retained
2.5161290322580645,0.12322580645161291,3.2488166203508486,retained
2.5161290322580645,0.14483870967741935,2.923691723000543,retained
2.5161290322580645,0.1664516129032258,2.64809969900077,retained
2.5161290322580645,0.18806451612903224,2.413061706760409,retained
2.5161290322580645,0.20967741935483875,2.2113873034420553,retained
2.5161290322580645,0.2312903225806452,2.037297145154205,retained
2.5161290322580645,0.25290322580645164,1.886128363921127,retained
2.5161290322580645,0.2745161290322581,1.7541040207931375,retained
2.5161290322580645,0.29612903225806453,1.6381522994474826,retained
2.5161290322580645,0.317741935483871,1.5357643778804686,retained
2.5161290322580645,0.3393548387096775,1.444882430353113,retained
2.5161290322580645,0.3609677419354839,1.363811145471002,retained
2.5161290322580645,0.38258064516129037,1.2911476349532163,retained
2.5161290322580645,0.4041935483870968,1.2257257550325698,retained
2.5161290322580645,0.42580645161290326,1.1665717478593076,retained
2.5161290322580645,0.4474193548387097,1.1128687944484117,retained
2.5161290322580645,0.46903225806451615,1.0639286000906583,retained
2.5161290322580645,0.4906451612903226,1.0191685433528768,retained
2.5161290322580645,0.512258064516129,0.9780932381374585,weak_or_lost
2.5161290322580645,0.5338709677419355,0.9402796057232281,weak_or_lost
2.5161290322580645,0.555483870967742,0.9053647463808562,weak_or_lost
2.5161290322580645,0.5770967741935484,0.8730360504391679,weak_or_lost
2.5161290322580645,0.5987096774193549,0.8430231061166755,weak_or_lost
2.5161290322580645,0.6203225806451613,0.8150910533816907,weak_or_lost
2.5161290322580645,0.6419354838709678,0.7890351052424591,weak_or_lost
2.5161290322580645,0.6635483870967742,0.7646760145833145,weak_or_lost
2.5161290322580645,0.6851612903225807,0.7418563093494346,weak_or_lost
2.5161290322580645,0.7067741935483871,0.7204371541722211,weak_or_lost
2.5161290322580645,0.7283870967741936,0.7002957244614687,weak_or_lost
2.5161290322580645,0.75,0.6813230011561127,weak_or_lost
2.854838709677419,0.08,4.41119936651468,retained
2.854838709677419,0.10161290322580646,3.8691299769509957,retained
2.854838709677419,0.12322580645161291,3.4242061210230834,retained
2.854838709677419,0.14483870967741935,3.0561285495920782,retained
2.854838709677419,0.1664516129032258,2.749206674284631,retained
2.854838709677419,0.18806451612903224,2.4912577089670385,retained
2.854838709677419,0.20967741935483875,2.272777770106626,retained
2.854838709677419,0.2312903225806452,2.0863161540094994,retained
2.854838709677419,0.25290322580645164,1.9260017027668654,retained
2.854838709677419,0.2745161290322581,1.7871832553052829,retained
2.854838709677419,0.29612903225806453,1.6661558673643855,retained
2.854838709677419,0.317741935483871,1.5599516655974448,retained
2.854838709677419,0.3393548387096775,1.4661795318256452,retained
2.854838709677419,0.3609677419354839,1.382901776378609,retained
2.854838709677419,0.38258064516129037,1.308538910013807,retained
2.854838709677419,0.4041935483870968,1.2417958243680656,retained
2.854838709677419,0.42580645161290326,1.1816043348395282,retained
2.854838709677419,0.4474193548387097,1.1270782702763824,retained
2.854838709677419,0.46903225806451615,1.0774782166812753,retained
2.854838709677419,0.4906451612903226,1.0321837157031302,retained
2.854838709677419,0.512258064516129,0.990671241101921,weak_or_lost
2.854838709677419,0.5338709677419355,0.9524966707955516,weak_or_lost
2.854838709677419,0.555483870967742,0.9172812706254672,weak_or_lost
2.854838709677419,0.5770967741935484,0.8847004325115334,weak_or_lost
2.854838709677419,0.5987096774193549,0.8544745820375382,weak_or_lost
2.854838709677419,0.6203225806451613,0.8263618020401023,weak_or_lost
2.854838709677419,0.6419354838709678,0.8001518194400444,weak_or_lost
2.854838709677419,0.6635483870967742,0.7756610798370726,weak_or_lost
2.854838709677419,0.6851612903225807,0.7527286939084068,weak_or_lost
2.854838709677419,0.7067741935483871,0.7312130856437623,weak_or_lost
2.854838709677419,0.7283870967741936,0.7109892081091505,weak_or_lost
2.854838709677419,0.75,0.6919462201782374,weak_or_lost
3.193548387096774,0.08,4.6846245452307915,retained
3.193548387096774,0.10161290322580646,4.06508109342832,retained
3.193548387096774,0.12322580645161291,3.566117211406953,retained
3.193548387096774,0.14483870967741935,3.1602546400212437,retained
3.193548387096774,0.1664516129032258,2.8268353942968645,retained
3.193548387096774,0.18806451612903224,2.5502380036665766,retained
3.193548387096774,0.20967741935483875,2.3185767292787776,retained
3.193548387096774,0.2312903225806452,2.122749781793424,retained
3.193548387096774,0.25290322580645164,1.955740384701433,retained
3.193548387096774,0.2745161290322581,1.8121015330677546,retained
3.193548387096774,0.29612903225806453,1.6875746097162287,retained
3.193548387096774,0.317741935483871,1.5788058552416144,retained
3.193548387096774,0.3393548387096775,1.4831346168478785,retained
3.193548387096774,0.3609677419354839,1.3984344406988785,retained
3.193548387096774,0.38258064516129037,1.3229932175835784,retained
3.193548387096774,0.4041935483870968,1.2554223079361821,retained
3.193548387096774,0.42580645161290326,1.1945872630039451,retained
3.193548387096774,0.4474193548387097,1.1395547122938026,retained
3.193548387096774,0.46903225806451615,1.0895514093926082,retained
3.193548387096774,0.4906451612903226,1.0439324664577057,retained
3.193548387096774,0.512258064516129,1.0021565680604685,retained
3.193548387096774,0.5338709677419355,0.9637665138201658,weak_or_lost
3.193548387096774,0.555483870967742,0.9283738512876623,weak_or_lost
3.193548387096774,0.5770967741935484,0.8956466654729615,weak_or_lost
3.193548387096774,0.5987096774193549,0.8652998179551958,weak_or_lost
3.193548387096774,0.6203225806451613,0.8370870974925944,weak_or_lost
3.193548387096774,0.6419354838709678,0.8107948706140437,weak_or_lost
3.193548387096774,0.6635483870967742,0.7862369158769016,weak_or_lost
3.193548387096774,0.6851612903225807,0.7632501974059622,weak_or_lost
3.193548387096774,0.7067741935483871,0.7416913879222822,weak_or_lost
3.193548387096774,0.7283870967741936,0.7214339930992791,weak_or_lost
3.193548387096774,0.75,0.7023659609765269,weak_or_lost
3.532258064516129,0.08,4.921085537854563,retained
3.532258064516129,0.10161290322580646,4.228708655823037,retained
3.532258064516129,0.12322580645161291,3.68096957514572,retained
3.532258064516129,0.14483870967741935,3.242341881492964,retained
3.532258064516129,0.1664516129032258,2.886827074110467,retained
3.532258064516129,0.18806451612903224,2.595257760014067,retained
3.532258064516129,0.20967741935483875,2.3533919258747926,retained
3.532258064516129,0.2312903225806452,2.150560367424438,retained
3.532258064516129,0.25290322580645164,1.978702218086833,retained
3.532258064516129,0.2745161290322581,1.8316737647419667,retained
3.532258064516129,0.29612903225806453,1.7047504605127428,retained
3.532258064516129,0.317741935483871,1.5942660927079826,retained
3.532258064516129,0.3393548387096775,1.497349760476504,retained
3.532258064516129,0.3609677419354839,1.4117329395747547,retained
3.532258064516129,0.38258064516129037,1.335607025796943,retained
3.532258064516129,0.4041935483870968,1.267517430731655,retained
3.532258064516129,0.42580645161290326,1.2062842957169144,retained
3.532258064516129,0.4474193548387097,1.1509427047065512,retained
3.532258064516129,0.46903225806451615,1.1006972689733956,retained
3.532258064516129,0.4906451612903226,1.0548873722480832,retained
3.532258064516129,0.512258064516129,1.0129603751689253,retained
3.532258064516129,0.5338709677419355,0.974450802137525,weak_or_lost
3.532258064516129,0.555483870967742,0.938964055293204,weak_or_lost
3.532258064516129,0.5770967741935484,0.9061635778776091,weak_or_lost
3.532258064516129,0.5987096774193549,0.8757606639580735,weak_or_lost
3.532258064516129,0.6203225806451613,0.8475063124090318,weak_or_lost
3.532258064516129,0.6419354838709678,0.8211846708371965,weak_or_lost
3.532258064516129,0.6635483870967742,0.796607724452325,weak_or_lost
3.532258064516129,0.6851612903225807,0.7736109662148706,weak_or_lost
3.532258064516129,0.7067741935483871,0.7520498454570012,weak_or_lost
3.532258064516129,0.7283870967741936,0.7317968379956892,weak_or_lost
3.532258064516129,0.75,0.7127390154611433,weak_or_lost
3.8709677419354835,0.08,5.1252238956048375,retained
3.8709677419354835,0.10161290322580646,4.365181934249577,retained
3.8709677419354835,0.12322580645161291,3.7739419791265276,retained
3.8709677419354835,0.14483870967741935,3.307240587501296,retained
3.8709677419354835,0.1664516129032258,2.9335194853464763,retained
3.8709677419354835,0.18806451612903224,2.6300705928292123,retained
3.8709677419354835,0.20967741935483875,2.3803946018734794,retained
3.8709677419354835,0.2312903225806452,2.172381108976644,retained
3.8709677419354835,0.25290322580645164,1.9970473165261426,retained
3.8709677419354835,0.2745161290322581,1.8476582723794255,retained
3.8709677419354835,0.29612903225806453,1.7191090407893508,retained
3.8709677419354835,0.317741935483871,1.6074876712583834,retained
3.8709677419354835,0.3393548387096775,1.5097636911016907,retained
3.8709677419354835,0.3609677419354839,1.42356428845198,retained
3.8709677419354835,0.38258064516129037,1.347012159846658,retained
3.8709677419354835,0.4041935483870968,1.2786070225547521,retained
3.8709677419354835,0.42580645161290326,1.2171382713176242,retained
3.8709677419354835,0.4474193548387097,1.1616200177146503,retained
3.8709677419354835,0.46903225806451615,1.1112423413702035,retained
3.8709677419354835,0.4906451612903226,1.0653343778929953,retained
3.8709677419354835,0.512258064516129,1.0233361199388396,retained
3.8709677419354835,0.5338709677419355,0.9847766852049211,weak_or_lost
3.8709677419354835,0.555483870967742,0.9492574241392403,weak_or_lost
3.8709677419354835,0.5770967741935484,0.9164386796329398,weak_or_lost
3.8709677419354835,0.5987096774193549,0.8860293250953596,weak_or_lost
3.8709677419354835,0.6203225806451613,0.8577784333925954,weak_or_lost
3.8709677419354835,0.6419354838709678,0.831468592987089,weak_or_lost
3.8709677419354835,0.6635483870967742,0.8069105072246472,weak_or_lost
3.8709677419354835,0.6851612903225807,0.7839386006561895,weak_or_lost
3.8709677419354835,0.7067741935483871,0.7624074214086001,weak_or_lost
3.8709677419354835,0.7283870967741936,0.7421886772002817,weak_or_lost
3.8709677419354835,0.75,0.7231687790968707,weak_or_lost
4.209677419354838,0.08,5.301138775197399,retained
4.209677419354838,0.10161290322580646,4.478857719395919,retained
4.209677419354838,0.12322580645161291,3.8492145098268065,retained
4.209677419354838,0.14483870967741935,3.358708422569357,retained
4.209677419354838,0.1664516129032258,2.9701444752517863,retained
4.209677419354838,0.18806451612903224,2.6573715622717775,retained
4.209677419354838,0.20967741935483875,2.4017842931493183,retained
4.209677419354838,0.2312903225806452,2.1899814421779333,retained
4.209677419354838,0.25290322580645164,2.012186961796153,retained
4.209677419354838,0.2745161290322581,1.8611767087624045,retained
4.209677419354838,0.29612903225806453,1.7315426817088375,retained
4.209677419354838,0.317741935483871,1.6191840617712603,retained
4.209677419354838,0.3393548387096775,1.5209517865322824,retained
4.209677419354838,0.3609677419354839,1.4343978752984783,retained
4.209677419354838,0.38258064516129037,1.3575968182633251,retained
4.209677419354838,0.4041935483870968,1.2890169757257335,retained
4.209677419354838,0.42580645161290326,1.2274269989236815,retained
4.209677419354838,0.4474193548387097,1.171827007088939,retained
4.209677419354838,0.46903225806451615,1.1213974330471017,retained
4.209677419354838,0.4906451612903226,1.0754606023971967,retained
4.209677419354838,0.512258064516129,1.0334515802081554,retained
4.209677419354838,0.5338709677419355,0.9948958290853421,weak_or_lost
4.209677419354838,0.555483870967742,0.9593919222897588,weak_or_lost
4.209677419354838,0.5770967741935484,0.9265980444976232,weak_or_lost
4.209677419354838,0.5987096774193549,0.896221357193565,weak_or_lost
4.209677419354838,0.6203225806451613,0.8680095503672388,weak_or_lost
4.209677419354838,0.6419354838709678,0.8417440775022312,weak_or_lost
4.209677419354838,0.6635483870967742,0.8172346975508182,weak_or_lost
4.209677419354838,0.6851612903225807,0.7943150399452961,weak_or_lost
4.209677419354838,0.7067741935483871,0.7728389765898821,weak_or_lost
4.209677419354838,0.7283870967741936,0.7526776351045735,weak_or_lost
4.209677419354838,0.75,0.7337169252046051,weak_or_lost
4.548387096774194,0.08,5.452443312409209,retained
4.548387096774194,0.10161290322580646,4.573405726354995,retained
4.548387096774194,0.12322580645161291,3.9101627609384892,retained
4.548387096774194,0.14483870967741935,3.3996615102983516,retained
4.548387096774194,0.1664516129032258,2.999117815311629,retained
4.548387096774194,0.18806451612903224,2.679106110995726,retained
4.548387096774194,0.20967741935483875,2.419099102910154,retained
4.548387096774194,0.2312903225806452,2.2045646001306256,retained
4.548387096774194,0.25290322580645164,2.025058660043933,retained
4.548387096774194,0.2745161290322581,1.8729608266630247,retained
4.548387096774194,0.29612903225806453,1.7426264485492184,retained
4.548387096774194,0.317741935483871,1.629812229825963,retained
4.548387096774194,0.3393548387096775,1.5312824190713104,retained
4.548387096774194,0.3609677419354839,1.444535584231747,retained
4.548387096774194,0.38258064516129037,1.3676127127335707,retained
4.548387096774194,0.4041935483870968,1.2989607472259916,retained
4.548387096774194,0.42580645161290326,1.2373343285711729,retained
4.548387096774194,0.4474193548387097,1.1817241711332969,retained
4.548387096774194,0.46903225806451615,1.1313042158304965,retained
4.548387096774194,0.4906451612903226,1.0853921759210012,retained
4.548387096774194,0.512258064516129,1.0434197445433566,retained
4.548387096774194,0.5338709677419355,1.0049098513279742,retained
4.548387096774194,0.555483870967742,0.9694591188122822,weak_or_lost
4.548387096774194,0.5770967741935484,0.9367241957105512,weak_or_lost
4.548387096774194,0.5987096774193549,0.9064110105925146,weak_or_lost
4.548387096774194,0.6203225806451613,0.8782662473155978,weak_or_lost
4.548387096774194,0.6419354838709678,0.8520705267045802,weak_or_lost
4.548387096774194,0.6635483870967742,0.8276329103869827,weak_or_lost
4.548387096774194,0.6851612903225807,0.8047864379084454,weak_or_lost
4.548387096774194,0.7067741935483871,0.7833844778998571,weak_or_lost
4.548387096774194,0.7283870967741936,0.7632977254856191,weak_or_lost
4.548387096774194,0.75,0.7444117164222506,weak_or_lost
4.887096774193548,0.08,5.582316516664429,retained
4.887096774193548,0.10161290322580646,4.651914940753307,retained
4.887096774193548,0.12322580645161291,3.9595137388069426,retained
4.887096774193548,0.14483870967741935,3.4323665961114065,retained
4.887096774193548,0.1664516129032258,3.022251188882634,retained
4.887096774193548,0.18806451612903224,2.6966863170093536,retained
4.887096774193548,0.20967741935483875,2.4334237806174666,retained
4.887096774193548,0.2312903225806452,2.2169589725107466,retained
4.887096774193548,0.25290322580645164,2.0362959372993013,retained
4.887096774193548,0.2745161290322581,1.8834988846373266,retained
4.887096774193548,0.29612903225806453,1.7527415118795484,retained
4.887096774193548,0.317741935483871,1.6396747208225009,retained
4.887096774193548,0.3393548387096775,1.5410002535099654,retained
4.887096774193548,0.3609677419354839,1.454179083009549,retained
4.887096774193548,0.38258064516129037,1.3772290843611283,retained
4.887096774193548,0.4041935483870968,1.3085826185124565,retained
4.887096774193548,0.42580645161290326,1.246984852152355,retained
4.887096774193548,0.4474193548387097,1.191420144483243,retained
4.887096774193548,0.46903225806451615,1.1410580306070788,retained
4.887096774193548,0.4906451612903226,1.0952130686532264,retained
4.887096774193548,0.512258064516129,1.0533146222567376,retained
4.887096774193548,0.5338709677419355,1.0148838529821784,retained
4.887096774193548,0.555483870967742,0.9795160085577969,weak_or_lost
4.887096774193548,0.5770967741935484,0.9468666462758947,weak_or_lost
4.887096774193548,0.5987096774193549,0.9166408129434355,weak_or_lost
4.887096774193548,0.6203225806451613,0.8885844694982747,weak_or_lost
4.887096774193548,0.6419354838709678,0.8624776367548459,weak_or_lost
4.887096774193548,0.6635483870967742,0.8381288732176861,weak_or_lost
4.887096774193548,0.6851612903225807,0.8153707929440844,weak_or_lost
4.887096774193548,0.7067741935483871,0.7940564021934962,weak_or_lost
4.887096774193548,0.7283870967741936,0.7740560857049297,weak_or_lost
4.887096774193548,0.75,0.7552551121765002,weak_or_lost
5.225806451612903,0.08,5.693550680766707,retained
5.225806451612903,0.10161290322580646,4.716983770231357,retained
5.225806451612903,0.12322580645161291,3.9994712009123217,retained
5.225806451612903,0.14483870967741935,3.4585884272937246,retained
5.225806451612903,0.1664516129032258,3.0409076956496532,retained
5.225806451612903,0.18806451612903224,2.711142857848849,retained
5.225806451612903,0.20967741935483875,2.445529979450969,retained
5.225806451612903,0.2312903225806452,2.227742004927487,retained
5.225806451612903,0.25290322580645164,2.0463341179214796,retained
5.225806451612903,0.2745161290322581,1.8931235938604403,retained
5.225806451612903,0.29612903225806453,1.762146812324566,retained
5.225806451612903,0.317741935483871,1.6489772201329527,retained
5.225806451612903,0.3393548387096775,1.5502720617102483,retained
5.225806451612903,0.3609677419354839,1.463466152645665,retained
5.225806451612903,0.38258064516129037,1.3865615592772988,retained
5.225806451612903,0.4041935483870968,1.317980776971295,retained
5.225806451612903,0.42580645161290326,1.256462594481937,retained
5.225806451612903,0.4474193548387097,1.2009870930223163,retained
5.225806451612903,0.46903225806451615,1.150720831723666,retained
5.225806451612903,0.4906451612903226,1.104976226282252,retained
5.225806451612903,0.512258064516129,1.0631810496048921,retained
5.225806451612903,0.5338709677419355,1.0248552499942039,retained
5.225806451612903,0.555483870967742,0.9895931284587862,weak_or_lost
5.225806451612903,0.5770967741935484,0.9570494893404502,weak_or_lost
5.225806451612903,0.5987096774193549,0.9269287710898078,weak_or_lost
5.225806451612903,0.6203225806451613,0.8989764367151224,weak_or_lost
5.225806451612903,0.6419354838709678,0.8729720951779049,weak_or_lost
5.225806451612903,0.6635483870967742,0.8487239614571368,weak_or_lost
5.225806451612903,0.6851612903225807,0.8260643612162369,weak_or_lost
5.225806451612903,0.7067741935483871,0.8048460574720893,weak_or_lost
5.225806451612903,0.7283870967741936,0.7849392292094504,weak_or_lost
5.225806451612903,0.75,0.7662289708976192,weak_or_lost
5.564516129032258,0.08,5.788594449426566,retained
5.564516129032258,0.10161290322580646,4.770796441490951,retained
5.564516129032258,0.12322580645161291,4.0318165345652055,retained
5.564516129032258,0.14483870967741935,3.4797030159060434,retained
5.564516129032258,0.1664516129032258,3.0561162569215665,retained
5.564516129032258,0.18806451612903224,2.723232234658529,retained
5.564516129032258,0.20967741935483875,2.455971336866061,retained
5.564516129032258,0.2312903225806452,2.237321061457216,retained
5.564516129032258,0.25290322580645164,2.0554769653439777,retained
5.564516129032258,0.2745161290322581,1.9020657908656324,retained
5.564516129032258,0.29612903225806453,1.7710216260834877,retained
5.564516129032258,0.317741935483871,1.6578620299841484,retained
5.564516129032258,0.3393548387096775,1.5592130170940888,retained
5.564516129032258,0.3609677419354839,1.4724914580574682,retained
5.564516129032258,0.38258064516129037,1.39568876068646,retained
5.564516129032258,0.4041935483870968,1.3272208486276997,retained
5.564516129032258,0.42580645161290326,1.2658222939772816,retained
5.564516129032258,0.4474193548387097,1.210470361650476,retained
5.564516129032258,0.46903225806451615,1.1603296565378678,retained
5.564516129032258,0.4906451612903226,1.1147111904823817,retained
5.564516129032258,0.512258064516129,1.0730416970009702,retained
5.564516129032258,0.5338709677419355,1.0348403349403903,retained
5.564516129032258,0.555483870967742,0.9997007928820667,weak_or_lost
5.564516129032258,0.5770967741935484,0.9672773918511076,weak_or_lost
5.564516129032258,0.5987096774193549,0.9372741836416016,weak_or_lost
5.564516129032258,0.6203225806451613,0.9094363186898744,weak_or_lost
5.564516129032258,0.6419354838709678,0.8835431513870604,weak_or_lost
5.564516129032258,0.6635483870967742,0.8594026884462485,weak_or_lost
5.564516129032258,0.6851612903225807,0.8368470849071029,weak_or_lost
5.564516129032258,0.7067741935483871,0.8157289642863098,weak_or_lost
5.564516129032258,0.7283870967741936,0.7959183922145243,weak_or_lost
5.564516129032258,0.75,0.7773003720999101,weak_or_lost
5.903225806451613,0.08,5.86959177024815,retained
5.903225806451613,0.10161290322580646,4.815187717269528,retained
5.903225806451613,0.12322580645161291,4.057990026022036,retained
5.903225806451613,0.14483870967741935,3.4967848461916353,retained
5.903225806451613,0.1664516129032258,3.0686560307220883,retained
5.903225806451613,0.18806451612903224,2.7335127572006828,retained
5.903225806451613,0.20967741935483875,2.465148341377175,retained
5.903225806451613,0.2312903225806452,2.2459866929058276,retained
5.903225806451613,0.25290322580645164,2.063939238649248,retained
5.903225806451613,0.2745161290322581,1.9104878396531444,retained
5.903225806451613,0.29612903225806453,1.7794915584715914,retained
5.903225806451613,0.317741935483871,1.6664283047375879,retained
5.903225806451613,0.3393548387096775,1.5679025896119452,retained
5.903225806451613,0.3609677419354839,1.4813192469900451,retained
5.903225806451613,0.38258064516129037,1.404662694677762,retained
5.903225806451613,0.4041935483870968,1.3363446296603994,retained
5.903225806451613,0.42580645161290326,1.2750969590562675,retained
5.903225806451613,0.4474193548387097,1.2198951974175338,retained
5.903225806451613,0.46903225806451615,1.1699027557842319,retained
5.903225806451613,0.4906451612903226,1.1244298042049432,retained
5.903225806451613,0.512258064516129,1.0829024657218267,retained
5.903225806451613,0.5338709677419355,1.0448394462199302,retained
5.903225806451613,0.555483870967742,1.009834092169996,retained
5.903225806451613,0.5770967741935484,0.9775404629000285,weak_or_lost
5.903225806451613,0.5987096774193549,0.9476624085028021,weak_or_lost
5.903225806451613,0.6203225806451613,0.9199449236729781,weak_or_lost
5.903225806451613,0.6419354838709678,0.8941672431628263,weak_or_lost
5.903225806451613,0.6635483870967742,0.8701372830962358,weak_or_lost
5.903225806451613,0.6851612903225807,0.84768713183956,weak_or_lost
5.903225806451613,0.7067741935483871,0.8266693663540683,weak_or_lost
5.903225806451613,0.7283870967741936,0.8069540229768587,weak_or_lost
5.903225806451613,0.75,0.7884260908994767,weak_or_lost
6.241935483870967,0.08,5.938416991073864,retained
6.241935483870967,0.10161290322580646,4.851697695469631,retained
6.241935483870967,0.12322580645161291,4.0791563837093765,retained
6.241935483870967,0.14483870967741935,3.5106741397187338,retained
6.241935483870967,0.1664516129032258,3.0791188835201493,retained
6.241935483870967,0.18806451612903224,2.7423986422008158,retained
6.241935483870967,0.20967741935483875,2.473352902974027,retained
6.241935483870967,0.2312903225806452,2.2539481065375013,retained
6.241935483870967,0.25290322580645164,2.0718743062170986,retained
6.241935483870967,0.2745161290322581,1.9185049060822017,retained
6.241935483870967,0.29612903225806453,1.7876449439307256,retained
6.241935483870967,0.317741935483871,1.674744833795509,retained
6.241935483870967,0.3393548387096775,1.5763947137599612,retained
6.241935483870967,0.3609677419354839,1.489991662104695,retained
6.241935483870967,0.38258064516129037,1.4135157600109782,retained
6.241935483870967,0.4041935483870968,1.3453761866665856,retained
6.241935483870967,0.42580645161290326,1.284303331982118,retained
6.241935483870967,0.4474193548387097,1.229271764289095,retained
6.241935483870967,0.46903225806451615,1.1794442868759112,retained
6.241935483870967,0.4906451612903226,1.134130670424882,retained
6.241935483870967,0.512258064516129,1.0927567717057032,retained
6.241935483870967,0.5338709677419355,1.0548411183907314,retained
6.241935483870967,0.555483870967742,1.0199769390400613,retained
6.241935483870967,0.5770967741935484,0.9878182178101317,weak_or_lost
6.241935483870967,0.5987096774193549,0.9580687610010242,weak_or_lost
6.241935483870967,0.6203225806451613,0.9304735434095234,weak_or_lost
6.241935483870967,0.6419354838709678,0.904811798776764,weak_or_lost
6.241935483870967,0.6635483870967742,0.8808914577025501,weak_or_lost
6.241935483870967,0.6851612903225807,0.858544636173371,weak_or_lost
6.241935483870967,0.7067741935483871,0.83762395027082,weak_or_lost
6.241935483870967,0.7283870967741936,0.8179994857708318,weak_or_lost
6.241935483870967,0.75,0.7995562907448763,weak_or_lost
6.580645161290322,0.08,5.9967063841842965,retained
6.580645161290322,0.10161290322580646,4.881618187536095,retained
6.580645161290322,0.12322580645161291,4.096257601374873,retained
6.580645161290322,0.14483870967741935,3.5220288270082,retained
6.580645161290322,0.1664516129032258,3.0879557637015447,retained
6.580645161290322,0.18806451612903224,2.750198722310254,retained
6.580645161290322,0.20967741935483875,2.480799221012655,retained
6.580645161290322,0.2312903225806452,2.2613570737124546,retained
6.580645161290322,0.25290322580645164,2.079392392321149,retained
6.580645161290322,0.2745161290322581,1.926198866915777,retained
6.580645161290322,0.29612903225806453,1.7955435699496025,retained
6.580645161290322,0.317741935483871,1.682858496326363,retained
6.580645161290322,0.3393548387096775,1.584724659173523,retained
6.580645161290322,0.3609677419354839,1.4985345182466543,retained
6.580645161290322,0.38258064516129037,1.4222657729580104,retained
6.580645161290322,0.4041935483870968,1.354326360793574,retained
6.580645161290322,0.42580645161290326,1.2934460277064277,retained
6.580645161290322,0.4474193548387097,1.238599020414653,retained
6.580645161290322,0.46903225806451615,1.1889479990448968,retained
6.580645161290322,0.4906451612903226,1.1438026922392157,retained
6.580645161290322,0.512258064516129,1.1025889732291911,retained
6.580645161290322,0.5338709677419355,1.0648254207001377,retained
6.580645161290322,0.555483870967742,1.0301053351657132,retained
6.580645161290322,0.5770967741935484,0.9980827859418926,weak_or_lost
6.580645161290322,0.5987096774193549,0.9684616733629784,weak_or_lost
6.580645161290322,0.6203225806451613,0.9409870727952538,weak_or_lost
6.580645161290322,0.6419354838709678,0.9154383239096959,weak_or_lost
6.580645161290322,0.6635483870967742,0.891623468090512,weak_or_lost
6.580645161290322,0.6851612903225807,0.8693747368256108,weak_or_lost
6.580645161290322,0.7067741935483871,0.8485448664616194,weak_or_lost
6.580645161290322,0.7283870967741936,0.8290040679215066,weak_or_lost
6.580645161290322,0.75,0.8106375194283272,weak_or_lost
6.919354838709677,0.08,6.0458863802788985,retained
6.919354838709677,0.10161290322580646,4.90603194826018,retained
6.919354838709677,0.12322580645161291,4.110055631072798,retained
6.919354838709677,0.14483870967741935,3.5313647693223977,retained
6.919354838709677,0.1664516129032258,3.0955112335113535,retained
6.919354838709677,0.18806451612903224,2.7571442923930505,retained
6.919354838709677,0.20967741935483875,2.487645348560712,retained
6.919354838709677,0.2312903225806452,2.26832426287531,retained
6.919354838709677,0.25290322580645164,2.0865728771468324,retained
6.919354838709677,0.2745161290322581,1.933627660677697,retained
6.919354838709677,0.29612903225806453,1.8032299485279424,retained
6.919354838709677,0.317741935483871,1.6908001009532674,retained
6.919354838709677,0.3393548387096775,1.5929138967055507,retained
6.919354838709677,0.3609677419354839,1.5069615076629186,retained
6.919354838709677,0.38258064516129037,1.4309197200715296,retained
6.919354838709677,0.4041935483870968,1.3631962050362758,retained
6.919354838709677,0.42580645161290326,1.3025207453878804,retained
6.919354838709677,0.4474193548387097,1.2478677629935238,retained
6.919354838709677,0.46903225806451615,1.1984001512186286,retained
6.919354838709677,0.4906451612903226,1.1534278911066456,retained
6.919354838709677,0.512258064516129,1.1123771090526464,retained
6.919354838709677,0.5338709677419355,1.0747666296574871,retained
6.919354838709677,0.555483870967742,1.0401899893847937,retained
6.919354838709677,0.5770967741935484,1.0083014834762194,retained
6.919354838709677,0.5987096774193549,0.9788052293768347,weak_or_lost
6.919354838709677,0.6203225806451613,0.9514465124814175,weak_or_lost
6.919354838709677,0.6419354838709678,0.9260048772637816,weak_or_lost
6.919354838709677,0.6635483870967742,0.9022885664557962,weak_or_lost
6.919354838709677,0.6851612903225807,0.8801300110176897,weak_or_lost
6.919354838709677,0.7067741935483871,0.8593821462370846,weak_or_lost
6.919354838709677,0.7283870967741936,0.8399153825430238,weak_or_lost
6.919354838709677,0.75,0.821615099085169,weak_or_lost
7.258064516129032,0.08,6.087198789133331,retained
7.258064516129032,0.10161290322580646,4.925845838411889,retained
7.258064516129032,0.12322580645161291,4.121166846495836,retained
7.258064516129032,0.14483870967741935,3.5390869376790293,retained
7.258064516129032,0.1664516129032258,3.1020492670121613,retained
7.258064516129032,0.18806451612903224,2.763409256207668,retained
7.258064516129032,0.20967741935483875,2.494008399023463,retained
7.258064516129032,0.2312903225806452,2.2749305605086247,retained
7.258064516129032,0.25290322580645164,2.093472763802608,retained
7.258064516129032,0.2745161290322581,1.9408317525633518,retained
7.258064516129032,0.29612903225806453,1.8107324171924888,retained
7.258064516129032,0.317741935483871,1.6985885717502454,retained
7.258064516129032,0.3393548387096775,1.600973671878799,retained
7.258064516129032,0.3609677419354839,1.5152773590907602,retained
7.258064516129032,0.38258064516129037,1.4394766307586333,retained
7.258064516129032,0.4041935483870968,1.371979652496894,retained
7.258064516129032,0.42580645161290326,1.3115167856716365,retained
7.258064516129032,0.4474193548387097,1.2570630299312977,retained
7.258064516129032,0.46903225806451615,1.2077818222703949,retained
7.258064516129032,0.4906451612903226,1.162983642957385,retained
7.258064516129032,0.512258064516129,1.1220950732302404,retained
7.258064516129032,0.5338709677419355,1.0846353524713248,retained
7.258064516129032,0.555483870967742,1.0501983976793732,retained
7.258064516129032,0.5770967741935484,1.0184388563832574,retained
7.258064516129032,0.5987096774193549,0.989061175657741,weak_or_lost
7.258064516129032,0.6203225806451613,0.9618109528120016,weak_or_lost
7.258064516129032,0.6419354838709678,0.9364680307455695,weak_or_lost
7.258064516129032,0.6635483870967742,0.9128409406539741,weak_or_lost
7.258064516129032,0.6851612903225807,0.8907623948791514,weak_or_lost
7.258064516129032,0.7067741935483871,0.8700856053102122,weak_or_lost
7.258064516129032,0.7283870967741936,0.8506812559919837,weak_or_lost
7.258064516129032,0.75,0.8324349980599584,weak_or_lost
7.596774193548387,0.08,6.121723272845902,retained
7.596774193548387,0.10161290322580646,4.941818839700916,retained
7.596774193548387,0.12322580645161291,4.130089887142953,retained
7.596774193548387,0.14483870967741935,3.545513621014926,retained
7.596774193548387,0.1664516129032258,3.1077725880460165,retained
7.596774193548387,0.18806451612903224,2.7691247905750087,retained
7.596774193548387,0.20967741935483875,2.49997537626548,retained
7.596774193548387,0.2312903225806452,2.281235037256779,retained
7.596774193548387,0.25290322580645164,2.1001326304830927,retained
7.596774193548387,0.2745161290322581,1.947838723563654,retained
7.596774193548387,0.29612903225806453,1.818068824428138,retained
7.596774193548387,0.317741935483871,1.7062340372783906,retained
7.596774193548387,0.3393548387096775,1.6089076961542375,retained
7.596774193548387,0.3609677419354839,1.5234802572321133,retained
7.596774193548387,0.38258064516129037,1.4479298044984044,retained
7.596774193548387,0.4041935483870968,1.3806656020713872,retained
7.596774193548387,0.42580645161290326,1.3204190279917516,retained
7.596774193548387,0.4474193548387097,1.2661659912224366,retained
7.596774193548387,0.46903225806451615,1.2170707323894057,retained
7.596774193548387,0.4906451612903226,1.1724444413303334,retained
7.596774193548387,0.512258064516129,1.1317143290865916,retained
7.596774193548387,0.5338709677419355,1.0944001990631387,retained
7.596774193548387,0.555483870967742,1.06009647904331,retained
7.596774193548387,0.5770967741935484,1.0284582848786923,retained
7.596774193548387,0.5987096774193549,0.9991904985327962,weak_or_lost
7.596774193548387,0.6203225806451613,0.972039126203351,weak_or_lost
7.596774193548387,0.6419354838709678,0.9467843997143622,weak_or_lost
7.596774193548387,0.6635483870967742,0.9232352240582875,weak_or_lost
7.596774193548387,0.6851612903225807,0.9012246740660868,weak_or_lost
7.596774193548387,0.7067741935483871,0.8806063157725907,weak_or_lost
7.596774193548387,0.7283870967741936,0.8612511812748621,weak_or_lost
7.596774193548387,0.75,0.8430452653224947,weak_or_lost
7.935483870967741,0.08,6.150397323804781,retained
7.935483870967741,0.10161290322580646,4.954585704065985,retained
7.935483870967741,0.12322580645161291,4.1372281622159095,retained
7.935483870967741,0.14483870967741935,3.550895252082671,retained
7.935483870967741,0.1664516129032258,3.11283721616257,retained
7.935483870967741,0.18806451612903224,2.7743900862738067,retained
7.935483870967741,0.20967741935483875,2.505610967307896,retained
7.935483870967741,0.2312903225806452,2.287280639008549,retained
7.935483870967741,0.25290322580645164,2.1065808994615085,retained
7.935483870967741,0.2745161290322581,1.954666605010476,retained
7.935483870967741,0.29612903225806453,1.8252492562138694,retained
7.935483870967741,0.317741935483871,1.7137401582174376,retained
7.935483870967741,0.3393548387096775,1.616714206313561,retained
7.935483870967741,0.3609677419354839,1.5315637148989603,retained
7.935483870967741,0.38258064516129037,1.4562685464443688,retained
7.935483870967741,0.4041935483870968,1.3892395500503758,retained
7.935483870967741,0.42580645161290326,1.3292094798927174,retained
7.935483870967741,0.4474193548387097,1.2751554311909743,retained
7.935483870967741,0.46903225806451615,1.2262426693891064,retained
7.935483870967741,0.4906451612903226,1.1817832762635834,retained
7.935483870967741,0.512258064516129,1.1412052473855119,retained
7.935483870967741,0.5338709677419355,1.1040290848693235,retained
7.935483870967741,0.555483870967742,1.0698498472188671,retained
7.935483870967741,0.5770967741935484,1.0383232275228296,retained
7.935483870967741,0.5987096774193549,1.0091546431745606,retained
7.935483870967741,0.6203225806451613,0.9820906033094144,weak_or_lost
7.935483870967741,0.6419354838709678,0.9569118175609794,weak_or_lost
7.935483870967741,0.6635483870967742,0.933427649363944,weak_or_lost
7.935483870967741,0.6851612903225807,0.911471617071062,weak_or_lost
7.935483870967741,0.7067741935483871,0.8908977186914797,weak_or_lost
7.935483870967741,0.7283870967741936,0.871577409246403,weak_or_lost
7.935483870967741,0.75,0.8533970991450807,weak_or_lost
8.274193548387096,0.08,6.17403398426256,retained
8.274193548387096,0.10161290322580646,4.964676902414189,retained
8.274193548387096,0.12322580645161291,4.142908043677896,retained
8.274193548387096,0.14483870967741935,3.5554290710704577,retained
8.274193548387096,0.1664516129032258,3.117363446915355,retained
8.274193548387096,0.18806451612903224,2.779280266276706,retained
8.274193548387096,0.20967741935483875,2.510963207853538,retained
8.274193548387096,0.2312903225806452,2.2930983128658604,retained
8.274193548387096,0.25290322580645164,2.1128369551477157,retained
8.274193548387096,0.2745161290322581,1.961326349046248,retained
8.274193548387096,0.29612903225806453,1.8322780891829122,retained
8.274193548387096,0.317741935483871,1.7211059054505726,retained
8.274193548387096,0.3393548387096775,1.6243875541381758,retained
8.274193548387096,0.3609677419354839,1.5395180274139926,retained
8.274193548387096,0.38258064516129037,1.4644795199275082,retained
8.274193548387096,0.4041935483870968,1.3976848625636094,retained
8.274193548387096,0.42580645161290326,1.3378684844316646,retained
8.274193548387096,0.4474193548387097,1.2840089017059213,retained
8.274193548387096,0.46903225806451615,1.2352725959234179,retained
8.274193548387096,0.4906451612903226,1.1909727018752543,retained
8.274193548387096,0.512258064516129,1.1505381393025707,retained
8.274193548387096,0.5338709677419355,1.1134902331870764,retained
8.274193548387096,0.555483870967742,1.0794247855339203,retained
8.274193548387096,0.5770967741935484,1.047998170923175,retained
8.274193548387096,0.5987096774193549,1.0189164398824584,retained
8.274193548387096,0.6203225806451613,0.9919266969964444,weak_or_lost
8.274193548387096,0.6419354838709678,0.9668102179397381,weak_or_lost
8.274193548387096,0.6635483870967742,0.9433769091317394,weak_or_lost
8.274193548387096,0.6851612903225807,0.9214608136595971,weak_or_lost
8.274193548387096,0.7067741935483871,0.9009164395818303,weak_or_lost
8.274193548387096,0.7283870967741936,0.8816157398556342,weak_or_lost
8.274193548387096,0.75,0.8634456124917416,weak_or_lost
8.612903225806452,0.08,6.193337528522518,retained
8.612903225806452,0.10161290322580646,4.972535438498083,retained
8.612903225806452,0.12322580645161291,4.147393577847375,retained
8.612903225806452,0.14483870967741935,3.5592705653288386,retained
8.612903225806452,0.1664516129032258,3.1214441705236124,retained
8.612903225806452,0.18806451612903224,2.7838522613558694,retained
8.612903225806452,0.20967741935483875,2.516067643464675,retained
8.612903225806452,0.2312903225806452,2.298710039733513,retained
8.612903225806452,0.25290322580645164,2.118913457605094,retained
8.612903225806452,0.2745161290322581,1.9678236868980188,retained
8.612903225806452,0.29612903225806453,1.839155555649496,retained
8.612903225806452,0.317741935483871,1.7283269290641805,retained
8.612903225806452,0.3393548387096775,1.6319194377187443,retained
8.612903225806452,0.3609677419354839,1.5473314019926978,retained
8.612903225806452,0.38258064516129037,1.4725477967298848,retained
8.612903225806452,0.4041935483870968,1.4059837620777575,retained
8.612903225806452,0.42580645161290326,1.3463756537676348,retained
8.612903225806452,0.4474193548387097,1.2927036109240055,retained
8.612903225806452,0.46903225806451615,1.2441354995596041,retained
8.612903225806452,0.4906451612903226,1.1999856525800576,retained
8.612903225806452,0.512258064516129,1.159684042544201,retained
8.612903225806452,0.5338709677419355,1.1227529340915654,retained
8.612903225806452,0.555483870967742,1.0887889807752023,retained
8.612903225806452,0.5770967741935484,1.0574493400721023,retained
8.612903225806452,0.5987096774193549,1.0284407918089966,retained
8.612903225806452,0.6203225806451613,1.0015111278495854,retained
8.612903225806452,0.6419354838709678,0.9764422779590141,weak_or_lost
8.612903225806452,0.6635483870967742,0.9530447761176031,weak_or_lost
8.612903225806452,0.6851612903225807,0.9311532713830094,weak_or_lost
8.612903225806452,0.7067741935483871,0.9106228597735295,weak_or_lost
8.612903225806452,0.7283870967741936,0.8913260667035798,weak_or_lost
8.612903225806452,0.75,0.8731503488069873,weak_or_lost
8.951612903225806,0.08,6.208917312737043,retained
8.951612903225806,0.10161290322580646,4.978531008960202,retained
8.951612903225806,0.12322580645161291,4.150898384222104,retained
8.951612903225806,0.14483870967741935,3.5625424080787327,retained
8.951612903225806,0.1664516129032258,3.1251511970039845,retained
8.951612903225806,0.18806451612903224,2.788149198352735,retained
8.951612903225806,0.20967741935483875,2.520950415745106,retained
8.951612903225806,0.2312903225806452,2.3041310908489456,retained
8.951612903225806,0.25290322580645164,2.1248180813592654,retained
8.951612903225806,0.2745161290322581,1.9741605421317838,retained
8.951612903225806,0.29612903225806453,1.8458789454233602,retained
8.951612903225806,0.317741935483871,1.7353966158205356,retained
8.951612903225806,0.3393548387096775,1.6392998546365614,retained
8.951612903225806,0.3609677419354839,1.5549908314448606,retained
8.951612903225806,0.38258064516129037,1.480457667505318,retained
8.951612903225806,0.4041935483870968,1.4141180857310067,retained
8.951612903225806,0.42580645161290326,1.354710583543325,retained
8.951612903225806,0.4474193548387097,1.3012170998439325,retained
8.951612903225806,0.46903225806451615,1.2528070362087136,retained
8.951612903225806,0.4906451612903226,1.2087960570181524,retained
8.951612903225806,0.512258064516129,1.16861530852424,retained
8.951612903225806,0.5338709677419355,1.1317881068724989,retained
8.951612903225806,0.555483870967742,1.0979120622549179,retained
8.951612903225806,0.5770967741935484,1.0666452148416243,retained
8.951612903225806,0.5987096774193549,1.037695169164756,retained
8.951612903225806,0.6203225806451613,1.0108104959015913,retained
8.951612903225806,0.6419354838709678,0.9857738668214517,weak_or_lost
8.951612903225806,0.6635483870967742,0.9623965278272018,weak_or_lost
8.951612903225806,0.6851612903225807,0.9405138147057414,weak_or_lost
8.951612903225806,0.7067741935483871,0.9199814884661641,weak_or_lost
8.951612903225806,0.7283870967741936,0.900672720118715,weak_or_lost
8.951612903225806,0.75,0.8824755939872307,weak_or_lost
9.29032258064516,0.08,6.221299981522924,retained
9.29032258064516,0.10161290322580646,4.982971918451499,retained
9.29032258064516,0.12322580645161291,4.153595281020279,retained
9.29032258064516,0.14483870967741935,3.5653414537933408,retained
9.29032258064516,0.1664516129032258,3.128540082915408,retained
9.29032258064516,0.18806451612903224,2.7922036983675387,retained
9.29032258064516,0.20967741935483875,2.5256305719993315,retained
9.29032258064516,0.2312903225806452,2.309371724658904,retained
9.29032258064516,0.25290322580645164,2.130554835262976,retained
9.29032258064516,0.2745161290322581,1.9803361132067827,retained
9.29032258064516,0.29612903225806453,1.8524435318496102,retained
9.29032258064516,0.317741935483871,1.7423069056355263,retained
9.29032258064516,0.3393548387096775,1.6465178370248847,retained
9.29032258064516,0.3609677419354839,1.5624827655765523,retained
9.29032258064516,0.38258064516129037,1.4881932614155566,retained
9.29032258064516,0.4041935483870968,1.4220698616234122,retained
9.29032258064516,0.42580645161290326,1.3628533920425965,retained
9.29032258064516,0.4474193548387097,1.3095277490249753,retained
9.29032258064516,0.46903225806451615,1.2612640079704431,retained
9.29032258064516,0.4906451612903226,1.2173792896973885,retained
9.29032258064516,0.512258064516129,1.1773060297315006,retained
9.29032258064516,0.5338709677419355,1.140568704415565,retained
9.29032258064516,0.555483870967742,1.1067659839317872,retained
9.29032258064516,0.5770967741935484,1.075556890067362,retained
9.29032258064516,0.5987096774193549,1.0466499470373323,retained
9.29032258064516,0.6203225806451613,1.0197945955534227,retained
9.29032258064516,0.6419354838709678,0.9947743368511138,weak_or_lost
9.29032258064516,0.6635483870967742,0.9714012123355913,weak_or_lost
9.29032258064516,0.6851612903225807,0.9495113240278359,weak_or_lost
9.29032258064516,0.7067741935483871,0.9289611731332786,weak_or_lost
9.29032258064516,0.7283870967741936,0.9096246469359259,weak_or_lost
9.29032258064516,0.75,0.8913905233876452,weak_or_lost
9.629032258064516,0.08,6.23094020522666,retained
9.629032258064516,0.10161290322580646,4.986115097260224,retained
9.629032258064516,0.12322580645161291,4.1556240729183,retained
9.629032258064516,0.14483870967741935,3.567744221154971,retained
9.629032258064516,0.1664516129032258,3.131653827763814,retained
9.629032258064516,0.18806451612903224,2.7960403705967245,retained
9.629032258064516,0.20967741935483875,2.530121807793042,retained
9.629032258064516,0.2312903225806452,2.314438473866054,retained
9.629032258064516,0.25290322580645164,2.1361250713655155,retained
9.629032258064516,0.2745161290322581,1.986347705832321,retained
9.629032258064516,0.29612903225806453,1.8588432853397838,retained
9.629032258064516,0.317741935483871,1.7490489197007797,retained
9.629032258064516,0.3393548387096775,1.653562014558683,retained
9.629032258064516,0.3609677419354839,1.5697936221271096,retained
9.629032258064516,0.38258064516129037,1.4957390139836797,retained
9.629032258064516,0.4041935483870968,1.4298217400430826,retained
9.629032258064516,0.42580645161290326,1.37078511957748,retained
9.629032258064516,0.4474193548387097,1.3176151497202815,retained
9.629032258064516,0.46903225806451615,1.2694847086686731,retained
9.629032258064516,0.4906451612903226,1.225712492829074,retained
9.629032258064516,0.512258064516129,1.1857323391217505,retained
9.629032258064516,0.5338709677419355,1.1490699908488924,retained
9.629032258064516,0.555483870967742,1.1153252805182359,retained
9.629032258064516,0.5770967741935484,1.0841583098857355,retained
9.629032258064516,0.5987096774193549,1.055278617339784,retained
9.629032258064516,0.6203225806451613,1.0284366041733461,retained
9.629032258064516,0.6419354838709678,1.0034166874858759,retained
9.629032258064516,0.6635483870967742,0.9800317861640685,weak_or_lost
9.629032258064516,0.6851612903225807,0.9581188457318697,weak_or_lost
9.629032258064516,0.7067741935483871,0.9375351798662472,weak_or_lost
9.629032258064516,0.7283870967741936,0.9181554591527893,weak_or_lost
9.629032258064516,0.75,0.8998692167425039,weak_or_lost
9.96774193548387,0.08,6.2382301068702635,retained
9.96774193548387,0.10161290322580646,4.988174516484419,retained
9.96774193548387,0.12322580645161291,4.157097852668114,retained
9.96774193548387,0.14483870967741935,3.5698111970259903,retained
9.96774193548387,0.1664516129032258,3.134525714502006,retained
9.96774193548387,0.18806451612903224,2.799677708533219,retained
9.96774193548387,0.20967741935483875,2.534433790845518,retained
9.96774193548387,0.2312903225806452,2.3193351280370837,retained
9.96774193548387,0.25290322580645164,2.1415282592934526,retained
9.96774193548387,0.2745161290322581,1.9921913733744352,retained
9.96774193548387,0.29612903225806453,1.8650714214504558,retained
9.96774193548387,0.317741935483871,1.7556134404687658,retained
9.96774193548387,0.3393548387096775,1.6604210413095202,retained
9.96774193548387,0.3609677419354839,1.576910170363624,retained
9.96774193548387,0.38258064516129037,1.5030800143197718,retained
9.96774193548387,0.4041935483870968,1.4373573093220622,retained
9.96774193548387,0.42580645161290326,1.3784880166602242,retained
9.96774193548387,0.4474193548387097,1.3254603670667502,retained
9.96774193548387,0.46903225806451615,1.277449163977109,retained
9.96774193548387,0.4906451612903226,1.2337747946557929,retained
9.96774193548387,0.512258064516129,1.1938726073566157,retained
9.96774193548387,0.5338709677419355,1.1572697179164568,retained
9.96774193548387,0.555483870967742,1.123567222785565,retained
9.96774193548387,0.5770967741935484,1.0924264013941387,retained
9.96774193548387,0.5987096774193549,1.0635578999236661,retained
9.96774193548387,0.6203225806451613,1.0367131694824012,retained
9.96774193548387,0.6419354838709678,1.0116776275235286,retained
9.96774193548387,0.6635483870967742,0.9882651497910936,weak_or_lost
9.96774193548387,0.6851612903225807,0.9663135992267076,weak_or_lost
9.96774193548387,0.7067741935483871,0.9456811701307534,weak_or_lost
9.96774193548387,0.7283870967741936,0.9262433785384713,weak_or_lost
9.96774193548387,0.75,0.9078905687730042,weak_or_lost
10.306451612903226,0.08,6.2435075236769855,retained
10.306451612903226,0.10161290322580646,4.989328251107614,retained
10.306451612903226,0.12322580645161291,4.158108100716282,retained
10.306451612903226,0.14483870967741935,3.5715902198524283,retained
10.306451612903226,0.1664516129032258,3.137181499441776,retained
10.306451612903226,0.18806451612903224,2.803129539021814,retained
10.306451612903226,0.20967741935483875,2.538573172587666,retained
10.306451612903226,0.2312903225806452,2.3240634871297217,retained
10.306451612903226,0.25290322580645164,2.146762581544193,retained
10.306451612903226,0.2745161290322581,1.9978624084682546,retained
10.306451612903226,0.29612903225806453,1.8711208192743116,retained
10.306451612903226,0.317741935483871,1.7619912747385695,retained
10.306451612903226,0.3393548387096775,1.6670839148074004,retained
10.306451612903226,0.3609677419354839,1.5838198137039785,retained
10.306451612903226,0.38258064516129037,1.5102022566587132,retained
10.306451612903226,0.4041935483870968,1.4446613201649803,retained
10.306451612903226,0.42580645161290326,1.385945743932828,retained
10.306451612903226,0.4474193548387097,1.3330461176012975,retained
10.306451612903226,0.46903225806451615,1.2851392878382262,retained
10.306451612903226,0.4906451612903226,1.2415474455257012,retained
10.306451612903226,0.512258064516129,1.2017075588024047,retained
10.306451612903226,0.5338709677419355,1.1651482207513795,retained
10.306451612903226,0.555483870967742,1.1314718925980343,retained
10.306451612903226,0.5770967741935484,1.100341128119537,retained
10.306451612903226,0.5987096774193549,1.0714677733922586,retained
10.306451612903226,0.6203225806451613,1.0446044164071244,retained
10.306451612903226,0.6419354838709678,1.0195375565420934,retained
10.306451612903226,0.6635483870967742,0.9960821020500945,weak_or_lost
10.306451612903226,0.6851612903225807,0.9740769026630696,weak_or_lost
10.306451612903226,0.7067741935483871,0.9533810961187981,weak_or_lost
10.306451612903226,0.7283870967741936,0.933871099965923,weak_or_lost
10.306451612903226,0.75,0.9154381189130872,weak_or_lost
10.64516129032258,0.08,6.247063234686955,retained
10.64516129032258,0.10161290322580646,4.989724403260443,retained
10.64516129032258,0.12322580645161291,4.158728812441464,retained
10.64516129032258,0.14483870967741935,3.573119143092302,retained
10.64516129032258,0.1664516129032258,3.13964110572601,retained
10.64516129032258,0.18806451612903224,2.80640613446168,retained
10.64516129032258,0.20967741935483875,2.5425443644144674,retained
10.64516129032258,0.2312903225806452,2.328623940699991,retained
10.64516129032258,0.25290322580645164,2.151825390610143,retained
10.64516129032258,0.2745161290322581,2.00335571844723,retained
10.64516129032258,0.29612903225806453,1.8769843377698092,retained
10.64516129032258,0.317741935483871,1.7681735243739465,retained
10.64516129032258,0.3393548387096775,1.6735402098031993,retained
10.64516129032258,0.3609677419354839,1.5905107924244182,retained
10.64516129032258,0.38258064516129037,1.5170928161883968,retained
10.64516129032258,0.4041935483870968,1.451719837585852,retained
10.64516129032258,0.42580645161290326,1.3931435023152527,retained
10.64516129032258,0.4474193548387097,1.3403568790233051,retained
10.64516129032258,0.46903225806451615,1.29253897266633,retained
10.64516129032258,0.4906451612903226,1.249013888875716,retained
10.64516129032258,0.512258064516129,1.2092203232163388,retained
10.64516129032258,0.5338709677419355,1.1726884498310015,retained
10.64516129032258,0.555483870967742,1.1390221943990588,retained
10.64516129032258,0.5770967741935484,1.1078854800453348,retained
10.64516129032258,0.5987096774193549,1.0789914424745752,retained
10.64516129032258,0.6203225806451613,1.0520938904534687,retained
10.64516129032258,0.6419354838709678,1.0269804828219102,retained
10.64516129032258,0.6635483870967742,1.0034672310923984,retained
10.64516129032258,0.6851612903225807,0.9813940354223066,weak_or_lost
10.64516129032258,0.7067741935483871,0.9606210332869405,weak_or_lost
10.64516129032258,0.7283870967741936,0.9410255926056382,weak_or_lost
10.64516129032258,0.75,0.9224998198877468,weak_or_lost
10.983870967741934,0.08,6.249147273373162,retained
10.983870967741934,0.10161290322580646,4.9894860655094035,retained
10.983870967741934,0.12322580645161291,4.1590198386314166,retained
10.983870967741934,0.14483870967741935,3.5744279346235146,retained
10.983870967741934,0.1664516129032258,3.141919936518852,retained
10.983870967741934,0.18806451612903224,2.8095150695496143,retained
10.983870967741934,0.20967741935483875,2.5463501350662447,retained
10.983870967741934,0.2312903225806452,2.333015913205431,retained
10.983870967741934,0.25290322580645164,2.156713558683128,retained
10.983870967741934,0.2745161290322581,2.0086661096227134,retained
10.983870967741934,0.29612903225806453,1.88265505161866,retained
10.983870967741934,0.317741935483871,1.7741517840577472,retained
10.983870967741934,0.3393548387096775,1.6797802446491068,retained
10.983870967741934,0.3609677419354839,1.5969723232864255,retained
10.983870967741934,0.38258064516129037,1.5237399651729557,retained
10.983870967741934,0.4041935483870968,1.4585203358015637,retained
10.983870967741934,0.42580645161290326,1.4000681081969704,retained
10.983870967741934,0.4474193548387097,1.3473789466128614,retained
10.983870967741934,0.46903225806451615,1.2996341274244954,retained
10.983870967741934,0.4906451612903226,1.256159780980364,retained
10.983870967741934,0.512258064516129,1.2163964368258093,retained
10.983870967741934,0.5338709677419355,1.1798759527467884,retained
10.983870967741934,0.555483870967742,1.1462038167864,retained
10.983870967741934,0.5770967741935484,1.1150454139117796,retained
10.983870967741934,0.5987096774193549,1.0861152558263425,retained
10.983870967741934,0.6203225806451613,1.059168451688872,retained
10.983870967741934,0.6419354838709678,1.033993892143567,retained
10.983870967741934,0.6635483870967742,1.0104087566378541,retained
10.983870967741934,0.6851612903225807,0.9882540525045438,weak_or_lost
10.983870967741934,0.7067741935483871,0.9673909656577904,weak_or_lost
10.983870967741934,0.7283870967741936,0.9476978550467559,weak_or_lost
10.983870967741934,0.75,0.9290677617253001,weak_or_lost
11.32258064516129,0.08,6.249974432388314,retained
11.32258064516129,0.10161290322580646,4.988715476389795,retained
11.32258064516129,0.12322580645161291,4.15902958929308,retained
11.32258064516129,0.14483870967741935,3.5755403335818143,retained
11.32258064516129,0.1664516129032258,3.144029895781174,retained
11.32258064516129,0.18806451612903224,2.812461883062679,retained
11.32258064516129,0.20967741935483875,2.5499920709506125,retained
11.32258064516129,0.2312903225806452,2.3372382056642373,retained
11.32258064516129,0.25290322580645164,2.1614237433907495,retained
11.32258064516129,0.2745161290322581,2.0137884998645523,retained
11.32258064516129,0.29612903225806453,1.8881264236207906,retained
11.32258064516129,0.317741935483871,1.7799182815011876,retained
11.32258064516129,0.3393548387096775,1.6857951945987328,retained
11.32258064516129,0.3609677419354839,1.6031946895505558,retained
11.32258064516129,0.38258064516129037,1.5301332421903289,retained
11.32258064516129,0.4041935483870968,1.4650517483879757,retained
11.32258064516129,0.42580645161290326,1.40670802557174,retained
11.32258064516129,0.4474193548387097,1.3541004478899814,retained
11.32258064516129,0.46903225806451615,1.306412674927413,retained
11.32258064516129,0.4906451612903226,1.2629729706606898,retained
11.32258064516129,0.512258064516129,1.2232238039089156,retained
11.32258064516129,0.5338709677419355,1.1866988168799053,retained
11.32258064516129,0.555483870967742,1.153005155316183,retained
11.32258064516129,0.5770967741935484,1.121809755042687,retained
11.32258064516129,0.5987096774193549,1.0928285856847755,retained
11.32258064516129,0.6203225806451613,1.065818130990714,retained
11.32258064516129,0.6419354838709678,1.0405685794036992,retained
11.32258064516129,0.6635483870967742,1.016898335785234,retained
11.32258064516129,0.6851612903225807,0.994649563456906,weak_or_lost
11.32258064516129,0.7067741935483871,0.9736845369237149,weak_or_lost
11.32258064516129,0.7283870967741936,0.9538826378019006,weak_or_lost
11.32258064516129,0.75,0.9351378650852222,weak_or_lost
11.661290322580644,0.08,6.2497290566251245,retained
11.661290322580644,0.10161290322580646,4.987497496893703,retained
11.661290322580644,0.12322580645161291,4.158797222188161,retained
11.661290322580644,0.14483870967741935,3.5764751593663546,retained
11.661290322580644,0.1664516129032258,3.1459801833608774,retained
11.661290322580644,0.18806451612903224,2.815250589974572,retained
11.661290322580644,0.20967741935483875,2.553470930720493,retained
11.661290322580644,0.2312903225806452,2.341289256620518,retained
11.661290322580644,0.25290322580645164,2.165952587667637,retained
11.661290322580644,0.2745161290322581,2.018718074732791,retained
11.661290322580644,0.29612903225806453,1.8933924271025728,retained
11.661290322580644,0.317741935483871,1.7854659723935609,retained
11.661290322580644,0.3393548387096775,1.6915771634542571,retained
11.661290322580644,0.3609677419354839,1.609169292152532,retained
11.661290322580644,0.38258064516129037,1.5362634847495884,retained
11.661290322580644,0.4041935483870968,1.471304483562553,retained
11.661290322580644,0.42580645161290326,1.4130533646670753,retained
11.661290322580644,0.4474193548387097,1.3605113248313678,retained
11.661290322580644,0.46903225806451615,1.3128645175221931,retained
11.661290322580644,0.4906451612903226,1.2694434480063308,retained
11.661290322580644,0.512258064516129,1.2296926278926796,retained
11.661290322580644,0.5338709677419355,1.1931475820216304,retained
11.661290322580644,0.555483870967742,1.159417205654411,retained
11.661290322580644,0.5770967741935484,1.1281700699504864,retained
11.661290322580644,0.5987096774193549,1.0991236788124061,retained
11.661290322580644,0.6203225806451613,1.0720359582247803,retained
11.661290322580644,0.6419354838709678,1.046698452979811,retained
11.661290322580644,0.6635483870967742,1.0229308426129224,retained
11.661290322580644,0.6851612903225807,1.0005764863950688,retained
11.661290322580644,0.7067741935483871,0.9794987782422909,weak_or_lost
11.661290322580644,0.7283870967741936,0.9595781444245348,weak_or_lost
11.661290322580644,0.75,0.9407095554609942,weak_or_lost
12.0,0.08,6.248569210658108,retained
12.0,0.10161290322580646,4.985902516639499,retained
12.0,0.12322580645161291,4.158354414293531,retained
12.0,0.14483870967741935,3.577247346838923,retained
12.0,0.1664516129032258,3.147777915279682,retained
12.0,0.18806451612903224,2.817884078062615,retained
12.0,0.20967741935483875,2.5567869178031066,retained
12.0,0.2312903225806452,2.3451673400191795,retained
12.0,0.25290322580645164,2.1702968678713637,retained
12.0,0.2745161290322581,2.023450399195995,retained
12.0,0.29612903225806453,1.8984476290536367,retained
12.0,0.317741935483871,1.790788599897628,retained
12.0,0.3393548387096775,1.6971192226958036,retained
12.0,0.3609677419354839,1.6148886706624368,retained
12.0,0.38258064516129037,1.5421228335070611,retained
12.0,0.4041935483870968,1.477270412499536,retained
12.0,0.42580645161290326,1.4190958547364687,retained
12.0,0.4474193548387097,1.366603291141266,retained
12.0,0.46903225806451615,1.3189814785329241,retained
12.0,0.4906451612903226,1.2755632694426113,retained
12.0,0.512258064516129,1.2357953193005056,retained
12.0,0.5338709677419355,1.199215130320605,retained
12.0,0.555483870967742,1.165433434556151,retained
12.0,0.5770967741935484,1.1341205173416975,retained
12.0,0.5987096774193549,1.1049954865332916,retained
12.0,0.6203225806451613,1.0778177703718073,retained
12.0,0.6419354838709678,1.0523803201036244,retained
12.0,0.6635483870967742,1.0285041300895437,retained
12.0,0.6851612903225807,1.0060337859075297,retained
12.0,0.7067741935483871,0.984833821782445,weak_or_lost
12.0,0.7283870967741936,0.9647857205564845,weak_or_lost
12.0,0.75,0.9457854278126532,weak_or_lost
