time,phi,initial_phi,constraint
0.0,0.1,0.1,1.0
0.023595073443755655,0.09996451412839671,0.1,1.0
0.07359507344375565,0.09988934451960985,0.1,1.0
0.12359507344375566,0.09981421299118755,0.1,1.0
0.17359507344375566,0.09973911955135539,0.1,1.0
0.22359507344375568,0.09966406420829343,0.1,1.0
0.27359507344375567,0.09958904697013625,0.1,1.0
0.32359507344375565,0.09951406784497298,0.1,1.0
0.37359507344375564,0.09943912684084735,0.1,1.0
0.42359507344375563,0.09936422396575771,0.1,1.0
0.4735950734437556,0.09928935922765703,0.1,1.0
0.5235950734437557,0.09921453263445297,0.1,1.0
0.5735950734437557,0.09913974419400791,0.1,1.0
0.6235950734437558,0.09906499391413896,0.1,1.0
0.6735950734437558,0.09899028180261801,0.1,1.0
0.7235950734437558,0.09891560786717175,0.1,1.0
0.7735950734437559,0.0988409721154817,0.1,1.0
0.8235950734437559,0.09876637455518426,0.1,1.0
0.873595073443756,0.09869181519387071,0.1,1.0
0.923595073443756,0.09861729403908728,0.1,1.0
0.9735950734437561,0.09854281109833515,0.1,1.0
1.023595073443756,0.0984683663790705,0.1,1.0
1.073595073443756,0.09839395988870454,0.1,1.0
1.123595073443756,0.09831959163460353,0.1,1.0
1.1735950734437561,0.09824526162408884,0.1,1.0
1.2235950734437562,0.09817096986443692,0.1,1.0
1.2735950734437562,0.09809671636287944,0.1,1.0
1.3235950734437563,0.0980225011266032,0.1,1.0
1.3735950734437563,0.09794832416275026,0.1,1.0
1.4235950734437564,0.0978741854784179,0.1,1.0
1.4735950734437564,0.09780008508065874,0.1,1.0
1.5235950734437564,0.09772602297648066,0.1,1.0
1.5735950734437565,0.0976519991728469,0.1,1.0
1.6235950734437565,0.09757801367667615,0.1,1.0
1.6735950734437566,0.09750406649484243,0.1,1.0
1.7235950734437566,0.09743015763417527,0.1,1.0
1.7735950734437567,0.09735628710145966,0.1,1.0
1.8235950734437567,0.09728245490343612,0.1,1.0
1.8735950734437568,0.0972086610468007,0.1,1.0
1.9235950734437568,0.09713490553820507,0.1,1.0
1.9735950734437568,0.0970611883842565,0.1,1.0
2.0235950734437567,0.09698750959151788,0.1,1.0
2.0735950734437565,0.09691386916650784,0.1,1.0
2.1235950734437563,0.09684026711570069,0.1,1.0
2.173595073443756,0.09676670344552653,0.1,1.0
2.223595073443756,0.0966931781623712,0.1,1.0
2.2735950734437558,0.0966196912725764,0.1,1.0
2.3235950734437556,0.09654624278243966,0.1,1.0
2.3735950734437554,0.09647283269821441,0.1,1.0
2.4235950734437552,0.09639946102611001,0.1,1.0
2.473595073443755,0.09632612777229176,0.1,1.0
2.523595073443755,0.09625283294288095,0.1,1.0
2.5735950734437547,0.09617957654395493,0.1,1.0
2.6235950734437545,0.09610635858154706,0.1,1.0
2.6735950734437544,0.09603317906164685,0.1,1.0
2.723595073443754,0.09596003799019989,0.1,1.0
2.773595073443754,0.09588693537310797,0.1,1.0
2.823595073443754,0.09581387121622906,0.1,1.0
2.8735950734437536,0.09574084552537737,0.1,1.0
2.9235950734437535,0.09566785830632339,0.1,1.0
2.9735950734437533,0.09559490956479388,0.1,1.0
3.023595073443753,0.09552199930647198,0.1,1.0
3.073595073443753,0.09544912753699719,0.1,1.0
3.1235950734437528,0.09537629426196541,0.1,1.0
3.1735950734437526,0.09530349948692898,0.1,1.0
3.2235950734437524,0.09523074321739675,0.1,1.0
3.2735950734437522,0.09515802545883405,0.1,1.0
3.323595073443752,0.09508534621666279,0.1,1.0
3.373595073443752,0.09501270549626144,0.1,1.0
3.4235950734437517,0.09494010330296512,0.1,1.0
3.4735950734437515,0.0948675396420656,0.1,1.0
3.5235950734437513,0.09479501451881131,0.1,1.0
3.573595073443751,0.09472252793840745,0.1,1.0
3.623595073443751,0.09465007990601598,0.1,1.0
3.673595073443751,0.09457767042675565,0.1,1.0
3.7235950734437506,0.09450529950570205,0.1,1.0
3.7735950734437504,0.09443296714788765,0.1,1.0
3.8235950734437503,0.09436067335830182,0.1,1.0
3.87359507344375,0.09428841814189089,0.1,1.0
3.92359507344375,0.09421620150355814,0.1,1.0
3.9735950734437497,0.0941440234481639,0.1,1.0
4.02359507344375,0.09407188398052556,0.1,1.0
4.07359507344375,0.09399978310541758,0.1,1.0
4.12359507344375,0.09392772082757156,0.1,1.0
4.1735950734437495,0.09385569715167626,0.1,1.0
4.223595073443749,0.09378371208237764,0.1,1.0
4.273595073443749,0.0937117656242789,0.1,1.0
4.323595073443749,0.09363985778194052,0.1,1.0
4.373595073443749,0.09356798855988029,0.1,1.0
4.423595073443749,0.09349615796257334,0.1,1.0
4.473595073443748,0.09342436599445221,0.1,1.0
4.523595073443748,0.09335261265990684,0.1,1.0
4.573595073443748,0.09328089796328463,0.1,1.0
4.623595073443748,0.0932092219088905,0.1,1.0
4.673595073443748,0.09313758450098689,0.1,1.0
4.7235950734437475,0.0930659857437938,0.1,1.0
4.773595073443747,0.09299442564148885,0.1,1.0
4.823595073443747,0.09292290419820734,0.1,1.0
4.873595073443747,0.0928514214180422,0.1,1.0
4.923595073443747,0.09277997730504411,0.1,1.0
4.973595073443747,0.09270857186322153,0.1,1.0
5.0235950734437465,0.09263720509654066,0.1,1.0
5.073595073443746,0.0925658770089256,0.1,1.0
5.123595073443746,0.09249458760425829,0.1,1.0
5.173595073443746,0.09242333688637858,0.1,1.0
5.223595073443746,0.09235212485908427,0.1,1.0
5.273595073443746,0.09228095152613117,0.1,1.0
5.323595073443745,0.09220981689123309,0.1,1.0
5.373595073443745,0.09213872095806191,0.1,1.0
5.423595073443745,0.09206766373024763,0.1,1.0
5.473595073443745,0.09199664521137838,0.1,1.0
5.523595073443745,0.09192566540500044,0.1,1.0
5.5735950734437445,0.09185472431461834,0.1,1.0
5.623595073443744,0.09178382194369487,0.1,1.0
5.673595073443744,0.0917129582956511,0.1,1.0
5.723595073443744,0.09164213337386642,0.1,1.0
5.773595073443744,0.09157134718167863,0.1,1.0
5.823595073443744,0.0915005997223839,0.1,1.0
5.873595073443743,0.09142989099923689,0.1,1.0
5.923595073443743,0.09135922101545069,0.1,1.0
5.973595073443743,0.09128858977419696,0.1,1.0
6.023595073443743,0.09121799727860593,0.1,1.0
6.073595073443743,0.0911474435317664,0.1,1.0
6.1235950734437425,0.09107692853672586,0.1,1.0
6.173595073443742,0.09100645229649044,0.1,1.0
6.223595073443742,0.09093601481402502,0.1,1.0
6.273595073443742,0.09086561609225322,0.1,1.0
6.323595073443742,0.09079525613405746,0.1,1.0
6.373595073443742,0.09072493494227904,0.1,1.0
6.4235950734437415,0.0906546525197181,0.1,1.0
6.473595073443741,0.09058440886913371,0.1,1.0
6.523595073443741,0.09051420399324389,0.1,1.0
6.573595073443741,0.09044403789472567,0.1,1.0
6.623595073443741,0.09037391057621512,0.1,1.0
6.673595073443741,0.09030382204030737,0.1,1.0
6.72359507344374,0.09023377228955669,0.1,1.0
6.77359507344374,0.09016376132647648,0.1,1.0
6.82359507344374,0.09009378915353936,0.1,1.0
6.87359507344374,0.09002385577317716,0.1,1.0
6.92359507344374,0.08995396118778103,0.1,1.0
6.9735950734437395,0.08988410539970139,0.1,1.0
7.023595073443739,0.08981428841124806,0.1,1.0
7.073595073443739,0.08974451022469021,0.1,1.0
7.123595073443739,0.08967477084225649,0.1,1.0
7.173595073443739,0.08960507026613498,0.1,1.0
7.223595073443739,0.08953540849847333,0.1,1.0
7.2735950734437385,0.08946578554137871,0.1,1.0
7.323595073443738,0.08939620139691791,0.1,1.0
7.373595073443738,0.08932665606711734,0.1,1.0
7.423595073443738,0.0892571495539631,0.1,1.0
7.473595073443738,0.08918768185940101,0.1,1.0
7.523595073443738,0.08911825298533665,0.1,1.0
7.573595073443737,0.0890488629336354,0.1,1.0
7.623595073443737,0.08897951170612246,0.1,1.0
7.673595073443737,0.08891019930458297,0.1,1.0
7.723595073443737,0.08884092573076191,0.1,1.0
7.773595073443737,0.0887716909863643,0.1,1.0
7.8235950734437365,0.08870249507305512,0.1,1.0
7.873595073443736,0.08863333799245941,0.1,1.0
7.923595073443736,0.0885642197461623,0.1,1.0
7.973595073443736,0.08849514033570904,0.1,1.0
8.023595073443737,0.08842609976260506,0.1,1.0
8.073595073443737,0.08835709802831597,0.1,1.0
8.123595073443738,0.08828813513426767,0.1,1.0
8.173595073443739,0.08821921108184634,0.1,1.0
8.22359507344374,0.08815032587239847,0.1,1.0
8.27359507344374,0.08808147950723097,0.1,1.0
8.323595073443741,0.08801267198761112,0.1,1.0
8.373595073443742,0.08794390331476667,0.1,1.0
8.423595073443742,0.08787517348988591,0.1,1.0
8.473595073443743,0.08780648251411761,0.1,1.0
8.523595073443744,0.08773783038857116,0.1,1.0
8.573595073443744,0.08766921711431656,0.1,1.0
8.623595073443745,0.08760064269238448,0.1,1.0
8.673595073443746,0.08753210712376629,0.1,1.0
8.723595073443747,0.08746361040941412,0.1,1.0
8.773595073443747,0.0873951525502409,0.1,1.0
8.823595073443748,0.08732673354712035,0.1,1.0
8.873595073443749,0.08725835340088713,0.1,1.0
8.92359507344375,0.08719001211233675,0.1,1.0
8.97359507344375,0.08712170968222573,0.1,1.0
9.023595073443751,0.08705344611127154,0.1,1.0
9.073595073443752,0.08698522140015275,0.1,1.0
9.123595073443752,0.08691703554950897,0.1,1.0
9.173595073443753,0.08684888855994097,0.1,1.0
9.223595073443754,0.08678078043201065,0.1,1.0
9.273595073443754,0.08671271116624116,0.1,1.0
9.323595073443755,0.08664468076311688,0.1,1.0
9.373595073443756,0.0865766892230835,0.1,1.0
9.423595073443757,0.08650873654654802,0.1,1.0
9.473595073443757,0.08644082273387886,0.1,1.0
9.523595073443758,0.08637294778540584,0.1,1.0
9.573595073443759,0.08630511170142026,0.1,1.0
9.62359507344376,0.0862373144821749,0.1,1.0
9.67359507344376,0.08616955612788413,0.1,1.0
9.72359507344376,0.08610183663872388,0.1,1.0
9.773595073443762,0.08603415601483173,0.1,1.0
9.823595073443762,0.08596651425630694,0.1,1.0
9.873595073443763,0.08589891136321048,0.1,1.0
9.923595073443764,0.0858313473355651,0.1,1.0
9.973595073443764,0.08576382217335536,0.1,1.0
10.023595073443765,0.08569633587652764,0.1,1.0
10.073595073443766,0.08562888844499024,0.1,1.0
10.123595073443767,0.0855614798786134,0.1,1.0
10.173595073443767,0.08549411017722931,0.1,1.0
10.223595073443768,0.08542677934063223,0.1,1.0
10.273595073443769,0.08535948736857842,0.1,1.0
10.32359507344377,0.0852922342607863,0.1,1.0
10.37359507344377,0.08522502001693644,0.1,1.0
10.42359507344377,0.08515784463667156,0.1,1.0
10.473595073443771,0.08509070811959665,0.1,1.0
10.523595073443772,0.085023610465279,0.1,1.0
10.573595073443773,0.08495655167324817,0.1,1.0
10.623595073443774,0.08488953174299614,0.1,1.0
10.673595073443774,0.08482255067397727,0.1,1.0
10.723595073443775,0.0847556084656084,0.1,1.0
10.773595073443776,0.08468870511726882,0.1,1.0
10.823595073443776,0.08462184062830043,0.1,1.0
10.873595073443777,0.08455501499800766,0.1,1.0
10.923595073443778,0.08448822822565759,0.1,1.0
10.973595073443779,0.08442148031047995,0.1,1.0
11.02359507344378,0.08435477125166722,0.1,1.0
11.07359507344378,0.08428810104837463,0.1,1.0
11.12359507344378,0.08422146969972019,0.1,1.0
11.173595073443781,0.08415487720478479,0.1,1.0
11.223595073443782,0.08408832356261217,0.1,1.0
11.273595073443783,0.08402180877220905,0.1,1.0
11.323595073443784,0.0839553328325451,0.1,1.0
11.373595073443784,0.083888895742553,0.1,1.0
11.423595073443785,0.08382249750112852,0.1,1.0
11.473595073443786,0.08375613810713055,0.1,1.0
11.523595073443786,0.0836898175593811,0.1,1.0
11.573595073443787,0.0836235358566654,0.1,1.0
11.623595073443788,0.08355729299773193,0.1,1.0
11.673595073443789,0.08349108898129243,0.1,1.0
11.72359507344379,0.08342492380602197,0.1,1.0
11.77359507344379,0.08335879747055902,0.1,1.0
11.82359507344379,0.08329270997350546,0.1,1.0
11.873595073443791,0.08322666131342663,0.1,1.0
11.923595073443792,0.08316065148885136,0.1,1.0
11.973595073443793,0.08309468049827207,0.1,1.0
12.023595073443794,0.08302874834014472,0.1,1.0
12.073595073443794,0.08296285501288896,0.1,1.0
12.123595073443795,0.0828970005148881,0.1,1.0
12.173595073443796,0.0828311848444892,0.1,1.0
12.223595073443796,0.08276540800000307,0.1,1.0
12.273595073443797,0.08269966997970433,0.1,1.0
12.323595073443798,0.0826339707818315,0.1,1.0
12.373595073443798,0.08256831040458698,0.1,1.0
12.4235950734438,0.08250268884613711,0.1,1.0
12.4735950734438,0.08243710610461225,0.1,1.0
12.5235950734438,0.08237156217810677,0.1,1.0
12.573595073443801,0.08230605706467918,0.1,1.0
12.623595073443802,0.08224059076235207,0.1,1.0
12.673595073443803,0.08217516326911223,0.1,1.0
12.723595073443803,0.08210977458291063,0.1,1.0
12.773595073443804,0.08204442470166257,0.1,1.0
12.823595073443805,0.08197911362324758,0.1,1.0
12.873595073443806,0.08191384134550962,0.1,1.0
12.923595073443806,0.081848607866257,0.1,1.0
12.973595073443807,0.08178341318326249,0.1,1.0
13.023595073443808,0.08171825729426334,0.1,1.0
13.073595073443808,0.08165314019696134,0.1,1.0
13.12359507344381,0.08158806188902284,0.1,1.0
13.17359507344381,0.08152302236807886,0.1,1.0
13.22359507344381,0.08145802163172504,0.1,1.0
13.273595073443811,0.08139305967752174,0.1,1.0
13.323595073443812,0.0813281365029941,0.1,1.0
13.373595073443813,0.08126325210563204,0.1,1.0
13.423595073443813,0.08119840648289035,0.1,1.0
13.473595073443814,0.0811335996321887,0.1,1.0
13.523595073443815,0.0810688315509117,0.1,1.0
13.573595073443816,0.08100410223640894,0.1,1.0
13.623595073443816,0.08093941168599506,0.1,1.0
13.673595073443817,0.08087475989694974,0.1,1.0
13.723595073443818,0.0808101468665178,0.1,1.0
13.773595073443818,0.08074557259190923,0.1,1.0
13.823595073443819,0.08068103707029922,0.1,1.0
13.87359507344382,0.08061654029882823,0.1,1.0
13.92359507344382,0.08055208227460199,0.1,1.0
13.973595073443821,0.08048766299469161,0.1,1.0
14.023595073443822,0.08042328245613357,0.1,1.0
14.073595073443823,0.0803589406559298,0.1,1.0
14.123595073443823,0.08029463759104771,0.1,1.0
14.173595073443824,0.08023037325842024,0.1,1.0
14.223595073443825,0.08016614765494588,0.1,1.0
14.273595073443825,0.08010196077748877,0.1,1.0
14.323595073443826,0.08003781262287869,0.1,1.0
14.373595073443827,0.07997370318791117,0.1,1.0
14.423595073443828,0.07990963246934744,0.1,1.0
14.473595073443828,0.07984560046391459,0.1,1.0
14.523595073443829,0.07978160716830551,0.1,1.0
14.57359507344383,0.07971765257917901,0.1,1.0
14.62359507344383,0.07965373669315982,0.1,1.0
14.673595073443831,0.07958985950683868,0.1,1.0
14.723595073443832,0.07952602101677234,0.1,1.0
14.773595073443833,0.07946222121948361,0.1,1.0
14.823595073443833,0.07939846011146147,0.1,1.0
14.873595073443834,0.07933473768916102,0.1,1.0
14.923595073443835,0.07927105394900359,0.1,1.0
14.973595073443835,0.07920740888737679,0.1,1.0
15.023595073443836,0.07914380250063449,0.1,1.0
15.073595073443837,0.07908023478509696,0.1,1.0
15.123595073443838,0.07901670573705083,0.1,1.0
15.173595073443838,0.07895321535274918,0.1,1.0
15.223595073443839,0.0788897636284116,0.1,1.0
15.27359507344384,0.07882635056022419,0.1,1.0
15.32359507344384,0.07876297614433964,0.1,1.0
15.373595073443841,0.07869964037687725,0.1,1.0
15.423595073443842,0.07863634325392303,0.1,1.0
15.473595073443843,0.07857308477152969,0.1,1.0
15.523595073443843,0.07850986492571668,0.1,1.0
15.573595073443844,0.0784466837124703,0.1,1.0
15.623595073443845,0.07838354112774366,0.1,1.0
15.673595073443845,0.07832043716745683,0.1,1.0
15.723595073443846,0.07825737182749679,0.1,1.0
15.773595073443847,0.0781943451037175,0.1,1.0
15.823595073443848,0.07813135699194003,0.1,1.0
15.873595073443848,0.07806840748795245,0.1,1.0
15.923595073443849,0.07800549658751003,0.1,1.0
15.97359507344385,0.0779426242863352,0.1,1.0
16.02359507344385,0.07787979058011758,0.1,1.0
16.07359507344385,0.07781699546451412,0.1,1.0
16.123595073443852,0.07775423893514906,0.1,1.0
16.173595073443852,0.07769152098761399,0.1,1.0
16.223595073443853,0.07762884161746794,0.1,1.0
16.273595073443854,0.07756620082023738,0.1,1.0
16.323595073443855,0.07750359859141628,0.1,1.0
16.373595073443855,0.07744103492646619,0.1,1.0
16.423595073443856,0.0773785098208162,0.1,1.0
16.473595073443857,0.0773160232698631,0.1,1.0
16.523595073443857,0.07725357526897134,0.1,1.0
16.573595073443858,0.0771911658134731,0.1,1.0
16.62359507344386,0.07712879489866836,0.1,1.0
16.67359507344386,0.07706646251982492,0.1,1.0
16.72359507344386,0.07700416867217845,0.1,1.0
16.77359507344386,0.07694191335093255,0.1,1.0
16.82359507344386,0.07687969655125877,0.1,1.0
16.873595073443862,0.0768175182682967,0.1,1.0
16.923595073443863,0.07675537849715397,0.1,1.0
16.973595073443864,0.07669327723290632,0.1,1.0
17.023595073443865,0.07663121447059765,0.1,1.0
17.073595073443865,0.07656919020524004,0.1,1.0
17.123595073443866,0.07650720443181384,0.1,1.0
17.173595073443867,0.07644525714526769,0.1,1.0
17.223595073443867,0.07638334834051856,0.1,1.0
17.273595073443868,0.07632147801245182,0.1,1.0
17.32359507344387,0.07625964615592123,0.1,1.0
17.37359507344387,0.0761978527657491,0.1,1.0
17.42359507344387,0.0761360978367262,0.1,1.0
17.47359507344387,0.0760743813636119,0.1,1.0
17.52359507344387,0.07601270334113419,0.1,1.0
17.573595073443872,0.07595106376398973,0.1,1.0
17.623595073443873,0.07588946262684387,0.1,1.0
17.673595073443874,0.07582789992433075,0.1,1.0
17.723595073443875,0.07576637565105329,0.1,1.0
17.773595073443875,0.07570488980158327,0.1,1.0
17.823595073443876,0.07564344237046138,0.1,1.0
17.873595073443877,0.07558203335219722,0.1,1.0
17.923595073443877,0.07552066274126944,0.1,1.0
17.973595073443878,0.07545933053212567,0.1,1.0
18.02359507344388,0.07539803671918265,0.1,1.0
18.07359507344388,0.07533678129682626,0.1,1.0
18.12359507344388,0.07527556425941156,0.1,1.0
18.17359507344388,0.07521438560126283,0.1,1.0
18.22359507344388,0.07515324531667358,0.1,1.0
18.273595073443882,0.07509214339990672,0.1,1.0
18.323595073443883,0.07503107984519447,0.1,1.0
18.373595073443884,0.07497005464673849,0.1,1.0
18.423595073443884,0.07490906779870987,0.1,1.0
18.473595073443885,0.07484811929524923,0.1,1.0
18.523595073443886,0.07478720913046674,0.1,1.0
18.573595073443887,0.07472633729844216,0.1,1.0
18.623595073443887,0.0746655037932249,0.1,1.0
18.673595073443888,0.07460470860883406,0.1,1.0
18.72359507344389,0.0745439517392585,0.1,1.0
18.77359507344389,0.07448323317845684,0.1,1.0
18.82359507344389,0.07442255292035756,0.1,1.0
18.87359507344389,0.074361910958859,0.1,1.0
18.92359507344389,0.07430130728782942,0.1,1.0
18.973595073443892,0.0742407419011071,0.1,1.0
19.023595073443893,0.0741802147925003,0.1,1.0
19.073595073443894,0.07411972595578734,0.1,1.0
19.123595073443894,0.07405927538471668,0.1,1.0
19.173595073443895,0.07399886307300695,0.1,1.0
19.223595073443896,0.07393848901434695,0.1,1.0
19.273595073443897,0.07387815320239578,0.1,1.0
19.323595073443897,0.07381785563078282,0.1,1.0
19.373595073443898,0.07375759629310778,0.1,1.0
19.4235950734439,0.0736973751829408,0.1,1.0
19.4735950734439,0.07363719229382244,0.1,1.0
19.5235950734439,0.07357704761926377,0.1,1.0
19.5735950734439,0.07351694115274639,0.1,1.0
19.6235950734439,0.07345687288772247,0.1,1.0
19.673595073443902,0.07339684281761483,0.1,1.0
19.723595073443903,0.07333685093581695,0.1,1.0
19.773595073443904,0.07327689723569304,0.1,1.0
19.823595073443904,0.0732169817105781,0.1,1.0
19.873595073443905,0.07315710435377791,0.1,1.0
19.923595073443906,0.07309726515856915,0.1,1.0
19.973595073443907,0.07303746411819939,0.1,1.0
20.0,0.07300589866953758,0.1,1.0
0.0,0.5,0.5,1.0
0.03029061116708939,0.5000606060405209,0.5,1.0
0.0802906111670894,0.5001607556947316,0.5,1.0
0.1302906111670894,0.5002610409141726,0.5,1.0
0.1802906111670894,0.500361461926896,0.5,1.0
0.23029061116708938,0.5004620189614428,0.5,1.0
0.28029061116708937,0.5005627122468438,0.5,1.0
0.33029061116708935,0.5006635420126211,0.5,1.0
0.38029061116708934,0.5007645084887895,0.5,1.0
0.43029061116708933,0.5008656119058579,0.5,1.0
0.4802906111670893,0.50096685249483,0.5,1.0
0.5302906111670893,0.5010682304872064,0.5,1.0
0.5802906111670894,0.5011697461149857,0.5,1.0
0.6302906111670894,0.5012713996106654,0.5,1.0
0.6802906111670894,0.5013731912072438,0.5,1.0
0.7302906111670895,0.501475121138221,0.5,1.0
0.7802906111670895,0.5015771896376006,0.5,1.0
0.8302906111670896,0.5016793969398905,0.5,1.0
0.8802906111670896,0.5017817432801049,0.5,1.0
0.9302906111670897,0.5018842288937652,0.5,1.0
0.9802906111670897,0.5019868540169012,0.5,1.0
1.0302906111670898,0.5020896188860534,0.5,1.0
1.0802906111670898,0.5021925237382733,0.5,1.0
1.1302906111670898,0.5022955688111252,0.5,1.0
1.1802906111670899,0.5023987543426879,0.5,1.0
1.23029061116709,0.5025020805715554,0.5,1.0
1.28029061116709,0.5026055477368392,0.5,1.0
1.33029061116709,0.5027091560781686,0.5,1.0
1.38029061116709,0.502812905835693,0.5,1.0
1.43029061116709,0.5029167972500832,0.5,1.0
1.4802906111670902,0.5030208305625321,0.5,1.0
1.5302906111670902,0.5031250060147568,0.5,1.0
1.5802906111670902,0.5032293238490001,0.5,1.0
1.6302906111670903,0.5033337843080313,0.5,1.0
1.6802906111670903,0.5034383876351481,0.5,1.0
1.7302906111670904,0.503543134074178,0.5,1.0
1.7802906111670904,0.5036480238694794,0.5,1.0
1.8302906111670905,0.5037530572659435,0.5,1.0
1.8802906111670905,0.5038582345089957,0.5,1.0
1.9302906111670906,0.5039635558445964,0.5,1.0
1.9802906111670906,0.5040690215192434,0.5,1.0
2.0302906111670906,0.5041746317799726,0.5,1.0
2.0802906111670905,0.5042803868743599,0.5,1.0
2.1302906111670903,0.5043862870505227,0.5,1.0
2.18029061116709,0.5044923325571209,0.5,1.0
2.23029061116709,0.5045985236433589,0.5,1.0
2.2802906111670898,0.5047048605589868,0.5,1.0
2.3302906111670896,0.5048113435543019,0.5,1.0
2.3802906111670894,0.5049179728801506,0.5,1.0
2.430290611167089,0.5050247487879291,0.5,1.0
2.480290611167089,0.5051316715295858,0.5,1.0
2.530290611167089,0.505238741357622,0.5,1.0
2.5802906111670887,0.5053459585250941,0.5,1.0
2.6302906111670885,0.5054533232856145,0.5,1.0
2.6802906111670883,0.5055608358933539,0.5,1.0
2.730290611167088,0.5056684966030418,0.5,1.0
2.780290611167088,0.505776305669969,0.5,1.0
2.830290611167088,0.5058842633499886,0.5,1.0
2.8802906111670876,0.5059923698995177,0.5,1.0
2.9302906111670874,0.5061006255755388,0.5,1.0
2.9802906111670873,0.5062090306356019,0.5,1.0
3.030290611167087,0.506317585337825,0.5,1.0
3.080290611167087,0.506426289940897,0.5,1.0
3.1302906111670867,0.5065351447040781,0.5,1.0
3.1802906111670866,0.5066441498872021,0.5,1.0
3.2302906111670864,0.5067533057506776,0.5,1.0
3.280290611167086,0.5068626125554897,0.5,1.0
3.330290611167086,0.5069720705632018,0.5,1.0
3.380290611167086,0.5070816800359569,0.5,1.0
3.4302906111670857,0.5071914412364792,0.5,1.0
3.4802906111670855,0.507301354428076,0.5,1.0
3.5302906111670853,0.5074114198746391,0.5,1.0
3.580290611167085,0.5075216378406463,0.5,1.0
3.630290611167085,0.5076320085911633,0.5,1.0
3.680290611167085,0.5077425323918453,0.5,1.0
3.7302906111670846,0.5078532095089383,0.5,1.0
3.7802906111670844,0.5079640402092811,0.5,1.0
3.8302906111670842,0.5080750247603067,0.5,1.0
3.880290611167084,0.5081861634300443,0.5,1.0
3.930290611167084,0.5082974564871204,0.5,1.0
3.9802906111670837,0.5084089042007611,0.5,1.0
4.030290611167084,0.5085205068407933,0.5,1.0
4.080290611167084,0.5086322646776466,0.5,1.0
4.130290611167084,0.5087441779823546,0.5,1.0
4.1802906111670834,0.5088562470265573,0.5,1.0
4.230290611167083,0.5089684720825021,0.5,1.0
4.280290611167083,0.5090808534230459,0.5,1.0
4.330290611167083,0.5091933913216565,0.5,1.0
4.380290611167083,0.5093060860524147,0.5,1.0
4.430290611167083,0.5094189378900156,0.5,1.0
4.480290611167082,0.5095319471097706,0.5,1.0
4.530290611167082,0.5096451139876089,0.5,1.0
4.580290611167082,0.5097584388000795,0.5,1.0
4.630290611167082,0.5098719218243527,0.5,1.0
4.680290611167082,0.509985563338222,0.5,1.0
4.7302906111670815,0.5100993636201056,0.5,1.0
4.780290611167081,0.5102133229490485,0.5,1.0
4.830290611167081,0.5103274416047241,0.5,1.0
4.880290611167081,0.5104417198674358,0.5,1.0
4.930290611167081,0.510556158018119,0.5,1.0
4.980290611167081,0.5106707563383429,0.5,1.0
5.03029061116708,0.5107855151103119,0.5,1.0
5.08029061116708,0.5109004346168678,0.5,1.0
5.13029061116708,0.5110155151414917,0.5,1.0
5.18029061116708,0.5111307569683051,0.5,1.0
5.23029061116708,0.5112461603820726,0.5,1.0
5.2802906111670795,0.5113617256682029,0.5,1.0
5.330290611167079,0.5114774531127513,0.5,1.0
5.380290611167079,0.511593343002421,0.5,1.0
5.430290611167079,0.5117093956245652,0.5,1.0
5.480290611167079,0.511825611267189,0.5,1.0
5.530290611167079,0.5119419902189509,0.5,1.0
5.5802906111670785,0.5120585327691652,0.5,1.0
5.630290611167078,0.5121752392078034,0.5,1.0
5.680290611167078,0.512292109825496,0.5,1.0
5.730290611167078,0.5124091449135348,0.5,1.0
5.780290611167078,0.5125263447638745,0.5,1.0
5.830290611167078,0.5126437096691344,0.5,1.0
5.880290611167077,0.5127612399226008,0.5,1.0
5.930290611167077,0.5128789358182284,0.5,1.0
5.980290611167077,0.5129967976506425,0.5,1.0
6.030290611167077,0.5131148257151409,0.5,1.0
6.080290611167077,0.5132330203076955,0.5,1.0
6.1302906111670765,0.5133513817249545,0.5,1.0
6.180290611167076,0.5134699102642445,0.5,1.0
6.230290611167076,0.5135886062235717,0.5,1.0
6.280290611167076,0.5137074699016249,0.5,1.0
6.330290611167076,0.5138265015977764,0.5,1.0
6.380290611167076,0.513945701612085,0.5,1.0
6.4302906111670755,0.5140650702452968,0.5,1.0
6.480290611167075,0.5141846077988481,0.5,1.0
6.530290611167075,0.5143043145748669,0.5,1.0
6.580290611167075,0.5144241908761752,0.5,1.0
6.630290611167075,0.5145442370062905,0.5,1.0
6.680290611167075,0.5146644532694283,0.5,1.0
6.730290611167074,0.5147848399705041,0.5,1.0
6.780290611167074,0.5149053974151346,0.5,1.0
6.830290611167074,0.515026125909641,0.5,1.0
6.880290611167074,0.5151470257610499,0.5,1.0
6.930290611167074,0.5152680972770958,0.5,1.0
6.9802906111670735,0.5153893407662232,0.5,1.0
7.030290611167073,0.5155107565375887,0.5,1.0
7.080290611167073,0.5156323449010626,0.5,1.0
7.130290611167073,0.5157541061672313,0.5,1.0
7.180290611167073,0.5158760406473993,0.5,1.0
7.230290611167073,0.5159981486535915,0.5,1.0
7.280290611167072,0.5161204304985548,0.5,1.0
7.330290611167072,0.5162428864957606,0.5,1.0
7.380290611167072,0.5163655169594066,0.5,1.0
7.430290611167072,0.5164883222044191,0.5,1.0
7.480290611167072,0.516611302546455,0.5,1.0
7.5302906111670715,0.5167344583019041,0.5,1.0
7.580290611167071,0.5168577897878909,0.5,1.0
7.630290611167071,0.5169812973222769,0.5,1.0
7.680290611167071,0.5171049812236629,0.5,1.0
7.730290611167071,0.5172288418113907,0.5,1.0
7.780290611167071,0.5173528794055459,0.5,1.0
7.8302906111670705,0.5174770943269592,0.5,1.0
7.88029061116707,0.5176014868972095,0.5,1.0
7.93029061116707,0.5177260574386255,0.5,1.0
7.98029061116707,0.5178508062742879,0.5,1.0
8.03029061116707,0.5179757337280317,0.5,1.0
8.08029061116707,0.5181008401244486,0.5,1.0
8.130290611167071,0.5182261257888886,0.5,1.0
8.180290611167072,0.518351591047463,0.5,1.0
8.230290611167073,0.5184772362270459,0.5,1.0
8.280290611167073,0.518603061655277,0.5,1.0
8.330290611167074,0.5187290676605635,0.5,1.0
8.380290611167075,0.5188552545720824,0.5,1.0
8.430290611167075,0.5189816227197827,0.5,1.0
8.480290611167076,0.5191081724343879,0.5,1.0
8.530290611167077,0.5192349040473979,0.5,1.0
8.580290611167078,0.5193618178910917,0.5,1.0
8.630290611167078,0.5194889142985294,0.5,1.0
8.680290611167079,0.5196161936035543,0.5,1.0
8.73029061116708,0.5197436561407957,0.5,1.0
8.78029061116708,0.5198713022456709,0.5,1.0
8.830290611167081,0.5199991322543875,0.5,1.0
8.880290611167082,0.5201271465039459,0.5,1.0
8.930290611167083,0.5202553453321412,0.5,1.0
8.980290611167083,0.5203837290775664,0.5,1.0
9.030290611167084,0.5205122980796135,0.5,1.0
9.080290611167085,0.5206410526784773,0.5,1.0
9.130290611167085,0.5207699932151564,0.5,1.0
9.180290611167086,0.5208991200314566,0.5,1.0
9.230290611167087,0.5210284334699925,0.5,1.0
9.280290611167088,0.5211579338741907,0.5,1.0
9.330290611167088,0.5212876215882914,0.5,1.0
9.380290611167089,0.5214174969573514,0.5,1.0
9.43029061116709,0.521547560327246,0.5,1.0
9.48029061116709,0.5216778120446719,0.5,1.0
9.530290611167091,0.5218082524571493,0.5,1.0
9.580290611167092,0.5219388819130247,0.5,1.0
9.630290611167093,0.522069700761473,0.5,1.0
9.680290611167093,0.5222007093524998,0.5,1.0
9.730290611167094,0.5223319080369446,0.5,1.0
9.780290611167095,0.5224632971664824,0.5,1.0
9.830290611167095,0.522594877093627,0.5,1.0
9.880290611167096,0.5227266481717326,0.5,1.0
9.930290611167097,0.5228586107549974,0.5,1.0
9.980290611167097,0.5229907651984649,0.5,1.0
10.030290611167098,0.5231231118580274,0.5,1.0
10.080290611167099,0.5232556510904279,0.5,1.0
10.1302906111671,0.5233883832532632,0.5,1.0
10.1802906111671,0.5235213087049858,0.5,1.0
10.230290611167101,0.5236544278049071,0.5,1.0
10.280290611167102,0.5237877409131994,0.5,1.0
10.330290611167102,0.5239212483908987,0.5,1.0
10.380290611167103,0.5240549505999076,0.5,1.0
10.430290611167104,0.5241888479029972,0.5,1.0
10.480290611167105,0.5243229406638105,0.5,1.0
10.530290611167105,0.5244572292468642,0.5,1.0
10.580290611167106,0.5245917140175522,0.5,1.0
10.630290611167107,0.5247263953421474,0.5,1.0
10.680290611167107,0.5248612735878048,0.5,1.0
10.730290611167108,0.5249963491225641,0.5,1.0
10.780290611167109,0.5251316223153522,0.5,1.0
10.83029061116711,0.525267093535986,0.5,1.0
10.88029061116711,0.5254027631551752,0.5,1.0
10.930290611167111,0.5255386315445246,0.5,1.0
10.980290611167112,0.5256746990765373,0.5,1.0
11.030290611167112,0.5258109661246169,0.5,1.0
11.080290611167113,0.5259474330630705,0.5,1.0
11.130290611167114,0.5260841002671115,0.5,1.0
11.180290611167115,0.5262209681128621,0.5,1.0
11.230290611167115,0.5263580369773562,0.5,1.0
11.280290611167116,0.5264953072385421,0.5,1.0
11.330290611167117,0.5266327792752853,0.5,1.0
11.380290611167117,0.5267704534673713,0.5,1.0
11.430290611167118,0.5269083301955083,0.5,1.0
11.480290611167119,0.52704640984133,0.5,1.0
11.53029061116712,0.5271846927873984,0.5,1.0
11.58029061116712,0.527323179417207,0.5,1.0
11.630290611167121,0.5274618701151828,0.5,1.0
11.680290611167122,0.5276007652666899,0.5,1.0
11.730290611167122,0.527739865258032,0.5,1.0
11.780290611167123,0.5278791704764553,0.5,1.0
11.830290611167124,0.5280186813101515,0.5,1.0
11.880290611167124,0.5281583981482606,0.5,1.0
11.930290611167125,0.5282983213808736,0.5,1.0
11.980290611167126,0.5284384513990357,0.5,1.0
12.030290611167127,0.5285787885947488,0.5,1.0
12.080290611167127,0.5287193333609751,0.5,1.0
12.130290611167128,0.5288600860916393,0.5,1.0
12.180290611167129,0.5290010471816319,0.5,1.0
12.23029061116713,0.5291422170268123,0.5,1.0
12.28029061116713,0.5292835960240114,0.5,1.0
12.33029061116713,0.5294251845710349,0.5,1.0
12.380290611167132,0.529566983066666,0.5,1.0
12.430290611167132,0.5297089919106686,0.5,1.0
12.480290611167133,0.5298512115037901,0.5,1.0
12.530290611167134,0.5299936422477649,0.5,1.0
12.580290611167134,0.5301362845453167,0.5,1.0
12.630290611167135,0.5302791388001621,0.5,1.0
12.680290611167136,0.5304222054170136,0.5,1.0
12.730290611167137,0.5305654848015823,0.5,1.0
12.780290611167137,0.5307089773605813,0.5,1.0
12.830290611167138,0.5308526835017289,0.5,1.0
12.880290611167139,0.5309966036337511,0.5,1.0
12.93029061116714,0.5311407381663855,0.5,1.0
12.98029061116714,0.5312850875103837,0.5,1.0
13.03029061116714,0.531429652077515,0.5,1.0
13.080290611167142,0.5315744322805692,0.5,1.0
13.130290611167142,0.5317194285333599,0.5,1.0
13.180290611167143,0.5318646412507274,0.5,1.0
13.230290611167144,0.5320100708485426,0.5,1.0
13.280290611167144,0.5321557177437091,0.5,1.0
13.330290611167145,0.5323015823541672,0.5,1.0
13.380290611167146,0.5324476650988972,0.5,1.0
13.430290611167147,0.5325939663979219,0.5,1.0
13.480290611167147,0.5327404866723104,0.5,1.0
13.530290611167148,0.5328872263441814,0.5,1.0
13.580290611167149,0.533034185836706,0.5,1.0
13.63029061116715,0.5331813655741114,0.5,1.0
13.68029061116715,0.533328765981684,0.5,1.0
13.73029061116715,0.5334763874857728,0.5,1.0
13.780290611167151,0.5336242305137924,0.5,1.0
13.830290611167152,0.5337722954942268,0.5,1.0
13.880290611167153,0.5339205828566325,0.5,1.0
13.930290611167154,0.5340690930316416,0.5,1.0
13.980290611167154,0.5342178264509658,0.5,1.0
14.030290611167155,0.5343667835473991,0.5,1.0
14.080290611167156,0.5345159647548213,0.5,1.0
14.130290611167156,0.5346653705082021,0.5,1.0
14.180290611167157,0.5348150012436034,0.5,1.0
14.230290611167158,0.5349648573981836,0.5,1.0
14.280290611167159,0.5351149394102006,0.5,1.0
14.33029061116716,0.5352652477190156,0.5,1.0
14.38029061116716,0.5354157827650962,0.5,1.0
14.43029061116716,0.5355665449900199,0.5,1.0
14.480290611167161,0.5357175348364778,0.5,1.0
14.530290611167162,0.535868752748278,0.5,1.0
14.580290611167163,0.5360201991703493,0.5,1.0
14.630290611167164,0.5361718745487442,0.5,1.0
14.680290611167164,0.536323779330643,0.5,1.0
14.730290611167165,0.5364759139643572,0.5,1.0
14.780290611167166,0.536628278899333,0.5,1.0
14.830290611167166,0.5367808745861545,0.5,1.0
14.880290611167167,0.5369337014765483,0.5,1.0
14.930290611167168,0.537086760023386,0.5,1.0
14.980290611167169,0.5372400506806886,0.5,1.0
15.03029061116717,0.5373935739036297,0.5,1.0
15.08029061116717,0.5375473301485395,0.5,1.0
15.13029061116717,0.537701319872908,0.5,1.0
15.180290611167171,0.5378555435353891,0.5,1.0
15.230290611167172,0.5380100015958041,0.5,1.0
15.280290611167173,0.5381646945151455,0.5,1.0
15.330290611167174,0.5383196227555804,0.5,1.0
15.380290611167174,0.538474786780455,0.5,1.0
15.430290611167175,0.5386301870542973,0.5,1.0
15.480290611167176,0.5387858240428217,0.5,1.0
15.530290611167176,0.5389416982129325,0.5,1.0
15.580290611167177,0.5390978100327274,0.5,1.0
15.630290611167178,0.5392541599715018,0.5,1.0
15.680290611167178,0.5394107484997525,0.5,1.0
15.73029061116718,0.539567576089181,0.5,1.0
15.78029061116718,0.5397246432126983,0.5,1.0
15.83029061116718,0.5398819503444279,0.5,1.0
15.880290611167181,0.54003949795971,0.5,1.0
15.930290611167182,0.5401972865351056,0.5,1.0
15.980290611167183,0.5403553165484001,0.5,1.0
16.03029061116718,0.5405135884786074,0.5,1.0
16.080290611167182,0.5406721028059738,0.5,1.0
16.130290611167183,0.5408308600119818,0.5,1.0
16.180290611167184,0.5409898605793544,0.5,1.0
16.230290611167185,0.5411491049920587,0.5,1.0
16.280290611167185,0.5413085937353102,0.5,1.0
16.330290611167186,0.5414683272955766,0.5,1.0
16.380290611167187,0.5416283061605821,0.5,1.0
16.430290611167187,0.5417885308193111,0.5,1.0
16.480290611167188,0.5419490017620125,0.5,1.0
16.53029061116719,0.5421097194802038,0.5,1.0
16.58029061116719,0.5422706844666749,0.5,1.0
16.63029061116719,0.5424318972154926,0.5,1.0
16.68029061116719,0.5425933582220044,0.5,1.0
16.73029061116719,0.542755067982843,0.5,1.0
16.780290611167192,0.54291702699593,0.5,1.0
16.830290611167193,0.5430792357604804,0.5,1.0
16.880290611167194,0.5432416947770068,0.5,1.0
16.930290611167194,0.5434044045473233,0.5,1.0
16.980290611167195,0.54356736557455,0.5,1.0
17.030290611167196,0.5437305783631172,0.5,1.0
17.080290611167197,0.5438940434187697,0.5,1.0
17.130290611167197,0.5440577612485706,0.5,1.0
17.180290611167198,0.5442217323609065,0.5,1.0
17.2302906111672,0.5443859572654909,0.5,1.0
17.2802906111672,0.544550436473369,0.5,1.0
17.3302906111672,0.544715170496922,0.5,1.0
17.3802906111672,0.5448801598498713,0.5,1.0
17.4302906111672,0.5450454050472829,0.5,1.0
17.480290611167202,0.545210906605572,0.5,1.0
17.530290611167203,0.5453766650425073,0.5,1.0
17.580290611167204,0.545542680877215,0.5,1.0
17.630290611167204,0.5457089546301841,0.5,1.0
17.680290611167205,0.5458754868232699,0.5,1.0
17.730290611167206,0.5460422779796994,0.5,1.0
17.780290611167207,0.546209328624075,0.5,1.0
17.830290611167207,0.5463766392823796,0.5,1.0
17.880290611167208,0.5465442104819805,0.5,1.0
17.93029061116721,0.5467120427516349,0.5,1.0
17.98029061116721,0.5468801366214933,0.5,1.0
18.03029061116721,0.5470484926231048,0.5,1.0
18.08029061116721,0.5472171112894221,0.5,1.0
18.13029061116721,0.5473859931548047,0.5,1.0
18.180290611167212,0.5475551387550253,0.5,1.0
18.230290611167213,0.5477245486272728,0.5,1.0
18.280290611167214,0.5478942233101584,0.5,1.0
18.330290611167214,0.5480641633437191,0.5,1.0
18.380290611167215,0.5482343692694233,0.5,1.0
18.430290611167216,0.548404841630175,0.5,1.0
18.480290611167216,0.5485755809703188,0.5,1.0
18.530290611167217,0.5487465878356446,0.5,1.0
18.580290611167218,0.5489178627733922,0.5,1.0
18.63029061116722,0.5490894063322564,0.5,1.0
18.68029061116722,0.5492612190623919,0.5,1.0
18.73029061116722,0.5494333015154175,0.5,1.0
18.78029061116722,0.5496056542444216,0.5,1.0
18.83029061116722,0.5497782778039672,0.5,1.0
18.880290611167222,0.5499511727500958,0.5,1.0
18.930290611167223,0.5501243396403335,0.5,1.0
18.980290611167224,0.5502977790336954,0.5,1.0
19.030290611167224,0.5504714914906903,0.5,1.0
19.080290611167225,0.5506454775733263,0.5,1.0
19.130290611167226,0.5508197378451153,0.5,1.0
19.180290611167226,0.5509942728710782,0.5,1.0
19.230290611167227,0.5511690832177498,0.5,1.0
19.280290611167228,0.5513441694531843,0.5,1.0
19.33029061116723,0.5515195321469598,0.5,1.0
19.38029061116723,0.5516951718701837,0.5,1.0
19.43029061116723,0.5518710891954977,0.5,1.0
19.48029061116723,0.5520472846970832,0.5,1.0
19.53029061116723,0.5522237589506661,0.5,1.0
19.580290611167232,0.5524005125335224,0.5,1.0
19.630290611167233,0.5525775460244828,0.5,1.0
19.680290611167234,0.5527548600039386,0.5,1.0
19.730290611167234,0.5529324550538464,0.5,1.0
19.780290611167235,0.5531103317577337,0.5,1.0
19.830290611167236,0.5532884907007041,0.5,1.0
19.880290611167236,0.5534669324694423,0.5,1.0
19.930290611167237,0.5536456576522203,0.5,1.0
19.980290611167238,0.5538246668389014,0.5,1.0
20.0,0.5538953082421175,0.5,1.0
0.0,0.1,0.1,5.0
0.0409207903596729,0.100003923456581,0.1,5.0
0.0909207903596729,0.10000871870232989,0.1,5.0
0.14092079035967292,0.10001351535742274,0.1,5.0
0.1909207903596729,0.10001831342238604,0.1,5.0
0.2409207903596729,0.10002311289774649,0.1,5.0
0.2909207903596729,0.10002791378403103,0.1,5.0
0.3409207903596729,0.1000327160817669,0.1,5.0
0.39092079035967287,0.10003751979148158,0.1,5.0
0.44092079035967285,0.10004232491370277,0.1,5.0
0.49092079035967284,0.10004713144895847,0.1,5.0
0.5409207903596729,0.1000519393977769,0.1,5.0
0.5909207903596729,0.10005674876068656,0.1,5.0
0.640920790359673,0.10006155953821617,0.1,5.0
0.690920790359673,0.10006637173089476,0.1,5.0
0.7409207903596731,0.10007118533925158,0.1,5.0
0.7909207903596731,0.10007600036381611,0.1,5.0
0.8409207903596732,0.10008081680511816,0.1,5.0
0.8909207903596732,0.10008563466368771,0.1,5.0
0.9409207903596732,0.10009045394005504,0.1,5.0
0.9909207903596733,0.10009527463475071,0.1,5.0
1.0409207903596733,0.10010009674830547,0.1,5.0
1.0909207903596734,0.1001049202812504,0.1,5.0
1.1409207903596734,0.10010974523411677,0.1,5.0
1.1909207903596735,0.10011457160743616,0.1,5.0
1.2409207903596735,0.10011939940174036,0.1,5.0
1.2909207903596736,0.10012422861756146,0.1,5.0
1.3409207903596736,0.10012905925543178,0.1,5.0
1.3909207903596736,0.1001338913158839,0.1,5.0
1.4409207903596737,0.10013872479945067,0.1,5.0
1.4909207903596737,0.10014355970666519,0.1,5.0
1.5409207903596738,0.1001483960380608,0.1,5.0
1.5909207903596738,0.10015323379417114,0.1,5.0
1.6409207903596739,0.10015807297553006,0.1,5.0
1.690920790359674,0.1001629135826717,0.1,5.0
1.740920790359674,0.10016775561613044,0.1,5.0
1.790920790359674,0.10017259907644094,0.1,5.0
1.840920790359674,0.1001774439641381,0.1,5.0
1.890920790359674,0.10018229027975707,0.1,5.0
1.9409207903596741,0.10018713802383329,0.1,5.0
1.9909207903596742,0.10019198719690245,0.1,5.0
2.040920790359674,0.10019683779950046,0.1,5.0
2.090920790359674,0.10020168983216356,0.1,5.0
2.1409207903596736,0.10020654329542818,0.1,5.0
2.1909207903596735,0.10021139818983105,0.1,5.0
2.2409207903596733,0.10021625451590914,0.1,5.0
2.290920790359673,0.10022111227419969,0.1,5.0
2.340920790359673,0.10022597146524022,0.1,5.0
2.3909207903596728,0.10023083208956847,0.1,5.0
2.4409207903596726,0.10023569414772246,0.1,5.0
2.4909207903596724,0.10024055764024047,0.1,5.0
2.540920790359672,0.10024542256766104,0.1,5.0
2.590920790359672,0.10025028893052298,0.1,5.0
2.640920790359672,0.10025515672936536,0.1,5.0
2.6909207903596717,0.1002600259647275,0.1,5.0
2.7409207903596715,0.10026489663714896,0.1,5.0
2.7909207903596713,0.10026976874716963,0.1,5.0
2.840920790359671,0.10027464229532958,0.1,5.0
2.890920790359671,0.1002795172821692,0.1,5.0
2.940920790359671,0.10028439370822913,0.1,5.0
2.9909207903596706,0.10028927157405024,0.1,5.0
3.0409207903596704,0.1002941508801737,0.1,5.0
3.0909207903596703,0.10029903162714093,0.1,5.0
3.14092079035967,0.10030391381549363,0.1,5.0
3.19092079035967,0.10030879744577371,0.1,5.0
3.2409207903596697,0.1003136825185234,0.1,5.0
3.2909207903596696,0.10031856903428517,0.1,5.0
3.3409207903596694,0.10032345699360175,0.1,5.0
3.390920790359669,0.10032834639701613,0.1,5.0
3.440920790359669,0.10033323724507158,0.1,5.0
3.490920790359669,0.10033812953831163,0.1,5.0
3.5409207903596687,0.10034302327728006,0.1,5.0
3.5909207903596685,0.10034791846252093,0.1,5.0
3.6409207903596683,0.10035281509457855,0.1,5.0
3.690920790359668,0.1003577131739975,0.1,5.0
3.740920790359668,0.10036261270132263,0.1,5.0
3.790920790359668,0.10036751367709905,0.1,5.0
3.8409207903596676,0.10037241610187214,0.1,5.0
3.8909207903596674,0.10037731997618754,0.1,5.0
3.9409207903596672,0.10038222530059115,0.1,5.0
3.990920790359667,0.10038713207562915,0.1,5.0
4.040920790359667,0.10039204030184797,0.1,5.0
4.090920790359667,0.1003969499797943,0.1,5.0
4.140920790359667,0.10040186111001513,0.1,5.0
4.190920790359667,0.10040677369305769,0.1,5.0
4.240920790359667,0.10041168772946947,0.1,5.0
4.2909207903596664,0.10041660321979824,0.1,5.0
4.340920790359666,0.10042152016459203,0.1,5.0
4.390920790359666,0.10042643856439916,0.1,5.0
4.440920790359666,0.10043135841976818,0.1,5.0
4.490920790359666,0.10043627973124791,0.1,5.0
4.540920790359666,0.10044120249938748,0.1,5.0
4.590920790359665,0.10044612672473624,0.1,5.0
4.640920790359665,0.10045105240784383,0.1,5.0
4.690920790359665,0.10045597954926015,0.1,5.0
4.740920790359665,0.10046090814953537,0.1,5.0
4.790920790359665,0.10046583820921993,0.1,5.0
4.8409207903596645,0.10047076972886455,0.1,5.0
4.890920790359664,0.10047570270902019,0.1,5.0
4.940920790359664,0.1004806371502381,0.1,5.0
4.990920790359664,0.10048557305306978,0.1,5.0
5.040920790359664,0.10049051041806703,0.1,5.0
5.090920790359664,0.1004954492457819,0.1,5.0
5.140920790359663,0.10050038953676668,0.1,5.0
5.190920790359663,0.10050533129157399,0.1,5.0
5.240920790359663,0.10051027451075667,0.1,5.0
5.290920790359663,0.10051521919486785,0.1,5.0
5.340920790359663,0.10052016534446093,0.1,5.0
5.3909207903596625,0.10052511296008958,0.1,5.0
5.440920790359662,0.10053006204230773,0.1,5.0
5.490920790359662,0.10053501259166958,0.1,5.0
5.540920790359662,0.10053996460872963,0.1,5.0
5.590920790359662,0.1005449180940426,0.1,5.0
5.640920790359662,0.10054987304816354,0.1,5.0
5.6909207903596615,0.10055482947164772,0.1,5.0
5.740920790359661,0.1005597873650507,0.1,5.0
5.790920790359661,0.10056474672892832,0.1,5.0
5.840920790359661,0.10056970756383668,0.1,5.0
5.890920790359661,0.10057466987033215,0.1,5.0
5.940920790359661,0.10057963364897138,0.1,5.0
5.99092079035966,0.1005845989003113,0.1,5.0
6.04092079035966,0.10058956562490907,0.1,5.0
6.09092079035966,0.10059453382332219,0.1,5.0
6.14092079035966,0.10059950349610837,0.1,5.0
6.19092079035966,0.10060447464382563,0.1,5.0
6.2409207903596595,0.10060944726703225,0.1,5.0
6.290920790359659,0.10061442136628677,0.1,5.0
6.340920790359659,0.10061939694214804,0.1,5.0
6.390920790359659,0.10062437399517514,0.1,5.0
6.440920790359659,0.10062935252592745,0.1,5.0
6.490920790359659,0.10063433253496461,0.1,5.0
6.5409207903596585,0.10063931402284655,0.1,5.0
6.590920790359658,0.10064429699013346,0.1,5.0
6.640920790359658,0.1006492814373858,0.1,5.0
6.690920790359658,0.10065426736516433,0.1,5.0
6.740920790359658,0.10065925477403007,0.1,5.0
6.790920790359658,0.10066424366454428,0.1,5.0
6.840920790359657,0.10066923403726856,0.1,5.0
6.890920790359657,0.10067422589276473,0.1,5.0
6.940920790359657,0.10067921923159491,0.1,5.0
6.990920790359657,0.1006842140543215,0.1,5.0
7.040920790359657,0.10068921036150716,0.1,5.0
7.0909207903596565,0.10069420815371483,0.1,5.0
7.140920790359656,0.10069920743150773,0.1,5.0
7.190920790359656,0.10070420819544935,0.1,5.0
7.240920790359656,0.10070921044610348,0.1,5.0
7.290920790359656,0.10071421418403415,0.1,5.0
7.340920790359656,0.10071921940980567,0.1,5.0
7.390920790359655,0.10072422612398267,0.1,5.0
7.440920790359655,0.10072923432713,0.1,5.0
7.490920790359655,0.10073424401981283,0.1,5.0
7.540920790359655,0.10073925520259658,0.1,5.0
7.590920790359655,0.10074426787604696,0.1,5.0
7.6409207903596545,0.10074928204072996,0.1,5.0
7.690920790359654,0.10075429769721184,0.1,5.0
7.740920790359654,0.10075931484605913,0.1,5.0
7.790920790359654,0.10076433348783866,0.1,5.0
7.840920790359654,0.10076935362311752,0.1,5.0
7.890920790359654,0.10077437525246309,0.1,5.0
7.9409207903596535,0.10077939837644302,0.1,5.0
7.990920790359653,0.10078442299562523,0.1,5.0
8.040920790359653,0.10078944911057795,0.1,5.0
8.090920790359654,0.10079447672186967,0.1,5.0
8.140920790359655,0.10079950583006914,0.1,5.0
8.190920790359655,0.10080453643574541,0.1,5.0
8.240920790359656,0.10080956853946782,0.1,5.0
8.290920790359657,0.10081460214180597,0.1,5.0
8.340920790359657,0.10081963724332976,0.1,5.0
8.390920790359658,0.10082467384460934,0.1,5.0
8.440920790359659,0.10082971194621516,0.1,5.0
8.49092079035966,0.10083475154871796,0.1,5.0
8.54092079035966,0.10083979265268873,0.1,5.0
8.590920790359661,0.10084483525869878,0.1,5.0
8.640920790359662,0.10084987936731965,0.1,5.0
8.690920790359662,0.10085492497912321,0.1,5.0
8.740920790359663,0.10085997209468159,0.1,5.0
8.790920790359664,0.1008650207145672,0.1,5.0
8.840920790359664,0.10087007083935273,0.1,5.0
8.890920790359665,0.10087512246961117,0.1,5.0
8.940920790359666,0.10088017560591576,0.1,5.0
8.990920790359667,0.10088523024884007,0.1,5.0
9.040920790359667,0.10089028639895789,0.1,5.0
9.090920790359668,0.10089534405684333,0.1,5.0
9.140920790359669,0.1009004032230708,0.1,5.0
9.19092079035967,0.10090546389821495,0.1,5.0
9.24092079035967,0.10091052608285074,0.1,5.0
9.290920790359671,0.10091558977755341,0.1,5.0
9.340920790359672,0.10092065498289847,0.1,5.0
9.390920790359672,0.10092572169946172,0.1,5.0
9.440920790359673,0.10093078992781926,0.1,5.0
9.490920790359674,0.10093585966854746,0.1,5.0
9.540920790359674,0.10094093092222296,0.1,5.0
9.590920790359675,0.10094600368942272,0.1,5.0
9.640920790359676,0.10095107797072395,0.1,5.0
9.690920790359677,0.10095615376670415,0.1,5.0
9.740920790359677,0.10096123107794112,0.1,5.0
9.790920790359678,0.10096630990501296,0.1,5.0
9.840920790359679,0.100971390248498,0.1,5.0
9.89092079035968,0.1009764721089749,0.1,5.0
9.94092079035968,0.10098155548702259,0.1,5.0
9.99092079035968,0.10098664038322029,0.1,5.0
10.040920790359682,0.1009917267981475,0.1,5.0
10.090920790359682,0.100996814732384,0.1,5.0
10.140920790359683,0.1010019041865099,0.1,5.0
10.190920790359684,0.10100699516110553,0.1,5.0
10.240920790359684,0.10101208765675156,0.1,5.0
10.290920790359685,0.10101718167402891,0.1,5.0
10.340920790359686,0.10102227721351882,0.1,5.0
10.390920790359687,0.10102737427580279,0.1,5.0
10.440920790359687,0.1010324728614626,0.1,5.0
10.490920790359688,0.10103757297108035,0.1,5.0
10.540920790359689,0.10104267460523841,0.1,5.0
10.59092079035969,0.10104777776451944,0.1,5.0
10.64092079035969,0.10105288244950639,0.1,5.0
10.69092079035969,0.10105798866078249,0.1,5.0
10.740920790359691,0.10106309639893125,0.1,5.0
10.790920790359692,0.1010682056645365,0.1,5.0
10.840920790359693,0.10107331645818234,0.1,5.0
10.890920790359694,0.10107842878045314,0.1,5.0
10.940920790359694,0.1010835426319336,0.1,5.0
10.990920790359695,0.10108865801320868,0.1,5.0
11.040920790359696,0.10109377492486363,0.1,5.0
11.090920790359696,0.101098893367484,0.1,5.0
11.140920790359697,0.10110401334165563,0.1,5.0
11.190920790359698,0.10110913484796463,0.1,5.0
11.240920790359699,0.10111425788699743,0.1,5.0
11.2909207903597,0.10111938245934074,0.1,5.0
11.3409207903597,0.10112450856558154,0.1,5.0
11.3909207903597,0.10112963620630712,0.1,5.0
11.440920790359701,0.10113476538210506,0.1,5.0
11.490920790359702,0.10113989609356322,0.1,5.0
11.540920790359703,0.10114502834126977,0.1,5.0
11.590920790359704,0.10115016212581317,0.1,5.0
11.640920790359704,0.10115529744778214,0.1,5.0
11.690920790359705,0.10116043430776572,0.1,5.0
11.740920790359706,0.10116557270635325,0.1,5.0
11.790920790359706,0.10117071264413433,0.1,5.0
11.840920790359707,0.10117585412169887,0.1,5.0
11.890920790359708,0.10118099713963707,0.1,5.0
11.940920790359709,0.10118614169853944,0.1,5.0
11.99092079035971,0.10119128779899675,0.1,5.0
12.04092079035971,0.10119643544160008,0.1,5.0
12.09092079035971,0.10120158462694082,0.1,5.0
12.140920790359711,0.10120673535561062,0.1,5.0
12.190920790359712,0.10121188762820144,0.1,5.0
12.240920790359713,0.10121704144530554,0.1,5.0
12.290920790359714,0.10122219680751546,0.1,5.0
12.340920790359714,0.10122735371542405,0.1,5.0
12.390920790359715,0.10123251216962444,0.1,5.0
12.440920790359716,0.10123767217071006,0.1,5.0
12.490920790359716,0.10124283371927463,0.1,5.0
12.540920790359717,0.10124799681591218,0.1,5.0
12.590920790359718,0.10125316146121702,0.1,5.0
12.640920790359718,0.10125832765578376,0.1,5.0
12.69092079035972,0.10126349540020729,0.1,5.0
12.74092079035972,0.10126866469508282,0.1,5.0
12.79092079035972,0.10127383554100584,0.1,5.0
12.840920790359721,0.10127900793857215,0.1,5.0
12.890920790359722,0.10128418188837784,0.1,5.0
12.940920790359723,0.10128935739101928,0.1,5.0
12.990920790359723,0.10129453444709316,0.1,5.0
13.040920790359724,0.10129971305719644,0.1,5.0
13.090920790359725,0.10130489322192641,0.1,5.0
13.140920790359726,0.10131007494188064,0.1,5.0
13.190920790359726,0.101315258217657,0.1,5.0
13.240920790359727,0.10132044304985363,0.1,5.0
13.290920790359728,0.101325629439069,0.1,5.0
13.340920790359728,0.10133081738590188,0.1,5.0
13.39092079035973,0.10133600689095133,0.1,5.0
13.44092079035973,0.10134119795481669,0.1,5.0
13.49092079035973,0.10134639057809763,0.1,5.0
13.540920790359731,0.1013515847613941,0.1,5.0
13.590920790359732,0.10135678050530633,0.1,5.0
13.640920790359733,0.10136197781043489,0.1,5.0
13.690920790359733,0.10136717667738063,0.1,5.0
13.740920790359734,0.10137237710674467,0.1,5.0
13.790920790359735,0.10137757909912848,0.1,5.0
13.840920790359736,0.1013827826551338,0.1,5.0
13.890920790359736,0.10138798777536268,0.1,5.0
13.940920790359737,0.10139319446041746,0.1,5.0
13.990920790359738,0.1013984027109008,0.1,5.0
14.040920790359738,0.10140361252741562,0.1,5.0
14.090920790359739,0.10140882391056519,0.1,5.0
14.14092079035974,0.10141403686095304,0.1,5.0
14.19092079035974,0.10141925137918303,0.1,5.0
14.240920790359741,0.10142446746585931,0.1,5.0
14.290920790359742,0.10142968512158633,0.1,5.0
14.340920790359743,0.10143490434696883,0.1,5.0
14.390920790359743,0.10144012514261187,0.1,5.0
14.440920790359744,0.1014453475091208,0.1,5.0
14.490920790359745,0.10145057144710129,0.1,5.0
14.540920790359745,0.10145579695715928,0.1,5.0
14.590920790359746,0.10146102403990105,0.1,5.0
14.640920790359747,0.10146625269593317,0.1,5.0
14.690920790359748,0.10147148292586247,0.1,5.0
14.740920790359748,0.10147671473029615,0.1,5.0
14.790920790359749,0.10148194810984168,0.1,5.0
14.84092079035975,0.10148718306510683,0.1,5.0
14.89092079035975,0.10149241959669969,0.1,5.0
14.940920790359751,0.10149765770522863,0.1,5.0
14.990920790359752,0.10150289739130235,0.1,5.0
15.040920790359753,0.10150813865552982,0.1,5.0
15.090920790359753,0.10151338149852035,0.1,5.0
15.140920790359754,0.10151862592088354,0.1,5.0
15.190920790359755,0.10152387192322929,0.1,5.0
15.240920790359755,0.1015291195061678,0.1,5.0
15.290920790359756,0.1015343686703096,0.1,5.0
15.340920790359757,0.1015396194162655,0.1,5.0
15.390920790359758,0.10154487174464663,0.1,5.0
15.440920790359758,0.10155012565606442,0.1,5.0
15.490920790359759,0.1015553811511306,0.1,5.0
15.54092079035976,0.1015606382304572,0.1,5.0
15.59092079035976,0.1015658968946566,0.1,5.0
15.640920790359761,0.10157115714434144,0.1,5.0
15.690920790359762,0.10157641898012466,0.1,5.0
15.740920790359763,0.10158168240261956,0.1,5.0
15.790920790359763,0.10158694741243969,0.1,5.0
15.840920790359764,0.10159221401019895,0.1,5.0
15.890920790359765,0.10159748219651152,0.1,5.0
15.940920790359765,0.1016027519719919,0.1,5.0
15.990920790359766,0.10160802333725488,0.1,5.0
16.040920790359767,0.10161329629291559,0.1,5.0
16.090920790359768,0.10161857083958943,0.1,5.0
16.14092079035977,0.10162384697789215,0.1,5.0
16.19092079035977,0.10162912470843977,0.1,5.0
16.24092079035977,0.10163440403184863,0.1,5.0
16.29092079035977,0.1016396849487354,0.1,5.0
16.34092079035977,0.10164496745971704,0.1,5.0
16.390920790359772,0.10165025156541083,0.1,5.0
16.440920790359772,0.10165553726643434,0.1,5.0
16.490920790359773,0.10166082456340546,0.1,5.0
16.540920790359774,0.10166611345694239,0.1,5.0
16.590920790359775,0.10167140394766365,0.1,5.0
16.640920790359775,0.10167669603618805,0.1,5.0
16.690920790359776,0.10168198972313473,0.1,5.0
16.740920790359777,0.10168728500912314,0.1,5.0
16.790920790359777,0.10169258189477301,0.1,5.0
16.840920790359778,0.10169788038070442,0.1,5.0
16.89092079035978,0.10170318046753773,0.1,5.0
16.94092079035978,0.10170848215589365,0.1,5.0
16.99092079035978,0.10171378544639316,0.1,5.0
17.04092079035978,0.10171909033965758,0.1,5.0
17.09092079035978,0.10172439683630852,0.1,5.0
17.140920790359782,0.10172970493696792,0.1,5.0
17.190920790359783,0.10173501464225804,0.1,5.0
17.240920790359784,0.10174032595280141,0.1,5.0
17.290920790359785,0.10174563886922092,0.1,5.0
17.340920790359785,0.10175095339213974,0.1,5.0
17.390920790359786,0.10175626952218139,0.1,5.0
17.440920790359787,0.10176158725996967,0.1,5.0
17.490920790359787,0.1017669066061287,0.1,5.0
17.540920790359788,0.10177222756128292,0.1,5.0
17.59092079035979,0.10177755012605708,0.1,5.0
17.64092079035979,0.10178287430107624,0.1,5.0
17.69092079035979,0.10178820008696579,0.1,5.0
17.74092079035979,0.10179352748435143,0.1,5.0
17.79092079035979,0.10179885649385916,0.1,5.0
17.840920790359792,0.1018041871161153,0.1,5.0
17.890920790359793,0.10180951935174651,0.1,5.0
17.940920790359794,0.10181485320137972,0.1,5.0
17.990920790359795,0.10182018866564221,0.1,5.0
18.040920790359795,0.10182552574516157,0.1,5.0
18.090920790359796,0.1018308644405657,0.1,5.0
18.140920790359797,0.10183620475248281,0.1,5.0
18.190920790359797,0.10184154668154145,0.1,5.0
18.240920790359798,0.10184689022837046,0.1,5.0
18.2909207903598,0.101852235393599,0.1,5.0
18.3409207903598,0.10185758217785656,0.1,5.0
18.3909207903598,0.10186293058177295,0.1,5.0
18.4409207903598,0.10186828060597829,0.1,5.0
18.4909207903598,0.10187363225110299,0.1,5.0
18.540920790359802,0.10187898551777783,0.1,5.0
18.590920790359803,0.10188434040663387,0.1,5.0
18.640920790359804,0.1018896969183025,0.1,5.0
18.690920790359804,0.10189505505341544,0.1,5.0
18.740920790359805,0.1019004148126047,0.1,5.0
18.790920790359806,0.10190577619650264,0.1,5.0
18.840920790359807,0.10191113920574191,0.1,5.0
18.890920790359807,0.1019165038409555,0.1,5.0
18.940920790359808,0.10192187010277672,0.1,5.0
18.99092079035981,0.10192723799183917,0.1,5.0
19.04092079035981,0.1019326075087768,0.1,5.0
19.09092079035981,0.1019379786542239,0.1,5.0
19.14092079035981,0.10194335142881501,0.1,5.0
19.19092079035981,0.10194872583318505,0.1,5.0
19.240920790359812,0.10195410186796924,0.1,5.0
19.290920790359813,0.10195947953380313,0.1,5.0
19.340920790359814,0.10196485883132259,0.1,5.0
19.390920790359814,0.10197023976116378,0.1,5.0
19.440920790359815,0.10197562232396322,0.1,5.0
19.490920790359816,0.10198100652035774,0.1,5.0
19.540920790359817,0.10198639235098449,0.1,5.0
19.590920790359817,0.10199177981648093,0.1,5.0
19.640920790359818,0.10199716891748487,0.1,5.0
19.69092079035982,0.10200255965463441,0.1,5.0
19.74092079035982,0.10200795202856801,0.1,5.0
19.79092079035982,0.10201334603992442,0.1,5.0
19.84092079035982,0.10201874168934272,0.1,5.0
19.89092079035982,0.10202413897746232,0.1,5.0
19.940920790359822,0.10202953790492295,0.1,5.0
19.990920790359823,0.10203493847236465,0.1,5.0
20.0,0.10203591930602891,0.1,5.0
0.0,0.5,0.5,5.0
0.021954018974274896,0.5002196439599067,0.5,5.0
0.07195401897427489,0.5007206560641561,0.5,5.0
0.1219540189742749,0.5012227491083023,0.5,5.0
0.1719540189742749,0.5017259265418331,0.5,5.0
0.2219540189742749,0.5022301918287903,0.5,5.0
0.2719540189742749,0.502735548447846,0.5,5.0
0.3219540189742749,0.5032419998923797,0.5,5.0
0.3719540189742749,0.5037495496705553,0.5,5.0
0.42195401897427487,0.5042582013053986,0.5,5.0
0.47195401897427486,0.5047679583348756,0.5,5.0
0.5219540189742748,0.5052788243119716,0.5,5.0
0.5719540189742749,0.5057908028047694,0.5,5.0
0.6219540189742749,0.5063038973965301,0.5,5.0
0.671954018974275,0.5068181116857724,0.5,5.0
0.721954018974275,0.5073334492863536,0.5,5.0
0.7719540189742751,0.5078499138275508,0.5,5.0
0.8219540189742751,0.5083675089541427,0.5,5.0
0.8719540189742752,0.5088862383264914,0.5,5.0
0.9219540189742752,0.5094061056206253,0.5,5.0
0.9719540189742752,0.5099271145283226,0.5,5.0
1.0219540189742753,0.510449268757195,0.5,5.0
1.0719540189742753,0.5109725720307717,0.5,5.0
1.1219540189742754,0.5114970280885845,0.5,5.0
1.1719540189742754,0.5120226406862534,0.5,5.0
1.2219540189742755,0.5125494135955717,0.5,5.0
1.2719540189742755,0.5130773506045937,0.5,5.0
1.3219540189742756,0.5136064555177206,0.5,5.0
1.3719540189742756,0.5141367321557887,0.5,5.0
1.4219540189742756,0.5146681843561576,0.5,5.0
1.4719540189742757,0.5152008159727984,0.5,5.0
1.5219540189742757,0.5157346308763836,0.5,5.0
1.5719540189742758,0.5162696329543763,0.5,5.0
1.6219540189742758,0.5168058261111212,0.5,5.0
1.6719540189742759,0.5173432142679353,0.5,5.0
1.721954018974276,0.5178818013631995,0.5,5.0
1.771954018974276,0.5184215913524509,0.5,5.0
1.821954018974276,0.5189625882084756,0.5,5.0
1.871954018974276,0.519504795921402,0.5,5.0
1.921954018974276,0.5200482184987946,0.5,5.0
1.9719540189742761,0.5205928599657488,0.5,5.0
2.021954018974276,0.5211387243649861,0.5,5.0
2.071954018974276,0.52168581575695,0.5,5.0
2.1219540189742756,0.5222341382199022,0.5,5.0
2.1719540189742754,0.5227836958500196,0.5,5.0
2.2219540189742752,0.5233344927614924,0.5,5.0
2.271954018974275,0.523886533086622,0.5,5.0
2.321954018974275,0.5244398209759205,0.5,5.0
2.3719540189742747,0.5249943605982095,0.5,5.0
2.4219540189742745,0.5255501561407212,0.5,5.0
2.4719540189742744,0.5261072118091988,0.5,5.0
2.521954018974274,0.5266655318279984,0.5,5.0
2.571954018974274,0.5272251204401907,0.5,5.0
2.621954018974274,0.5277859819076646,0.5,5.0
2.6719540189742736,0.5283481205112305,0.5,5.0
2.7219540189742735,0.5289115405507244,0.5,5.0
2.7719540189742733,0.5294762463451133,0.5,5.0
2.821954018974273,0.5300422422326001,0.5,5.0
2.871954018974273,0.5306095325707307,0.5,5.0
2.9219540189742728,0.5311781217365008,0.5,5.0
2.9719540189742726,0.5317480141264633,0.5,5.0
3.0219540189742724,0.5323192141568374,0.5,5.0
3.0719540189742722,0.5328917262636171,0.5,5.0
3.121954018974272,0.5334655549026818,0.5,5.0
3.171954018974272,0.5340407045499062,0.5,5.0
3.2219540189742717,0.5346171797012722,0.5,5.0
3.2719540189742715,0.5351949848729809,0.5,5.0
3.3219540189742713,0.5357741246015654,0.5,5.0
3.371954018974271,0.5363546034440042,0.5,5.0
3.421954018974271,0.536936425977836,0.5,5.0
3.471954018974271,0.5375195968012744,0.5,5.0
3.5219540189742706,0.5381041205333241,0.5,5.0
3.5719540189742705,0.5386900018138974,0.5,5.0
3.6219540189742703,0.5392772453039315,0.5,5.0
3.67195401897427,0.5398658556855073,0.5,5.0
3.72195401897427,0.5404558376619677,0.5,5.0
3.7719540189742697,0.541047195958038,0.5,5.0
3.8219540189742696,0.541639935319946,0.5,5.0
3.8719540189742694,0.5422340605155442,0.5,5.0
3.921954018974269,0.5428295763344314,0.5,5.0
3.971954018974269,0.5434264875880759,0.5,5.0
4.021954018974269,0.5440247991099396,0.5,5.0
4.071954018974269,0.5446245157556028,0.5,5.0
4.121954018974269,0.5452256424028894,0.5,5.0
4.171954018974269,0.545828183951994,0.5,5.0
4.221954018974269,0.5464321453256085,0.5,5.0
4.271954018974268,0.5470375314690509,0.5,5.0
4.321954018974268,0.5476443473503938,0.5,5.0
4.371954018974268,0.5482525979605948,0.5,5.0
4.421954018974268,0.5488622883136269,0.5,5.0
4.471954018974268,0.5494734234466105,0.5,5.0
4.5219540189742675,0.5500860084199458,0.5,5.0
4.571954018974267,0.5507000483174465,0.5,5.0
4.621954018974267,0.5513155482464738,0.5,5.0
4.671954018974267,0.5519325133380724,0.5,5.0
4.721954018974267,0.5525509487471062,0.5,5.0
4.771954018974267,0.5531708596523958,0.5,5.0
4.8219540189742665,0.5537922512568563,0.5,5.0
4.871954018974266,0.5544151287876369,0.5,5.0
4.921954018974266,0.5550394974962606,0.5,5.0
4.971954018974266,0.5556653626587652,0.5,5.0
5.021954018974266,0.5562927295758454,0.5,5.0
5.071954018974266,0.5569216035729958,0.5,5.0
5.121954018974265,0.5575519900006548,0.5,5.0
5.171954018974265,0.5581838942343496,0.5,5.0
5.221954018974265,0.5588173216748419,0.5,5.0
5.271954018974265,0.5594522777482753,0.5,5.0
5.321954018974265,0.5600887679063231,0.5,5.0
5.3719540189742645,0.560726797626337,0.5,5.0
5.421954018974264,0.5613663724114979,0.5,5.0
5.471954018974264,0.5620074977909661,0.5,5.0
5.521954018974264,0.5626501793200342,0.5,5.0
5.571954018974264,0.5632944225802801,0.5,5.0
5.621954018974264,0.5639402331797208,0.5,5.0
5.671954018974263,0.5645876167529685,0.5,5.0
5.721954018974263,0.565236578961387,0.5,5.0
5.771954018974263,0.5658871254932486,0.5,5.0
5.821954018974263,0.5665392620638933,0.5,5.0
5.871954018974263,0.5671929944158884,0.5,5.0
5.9219540189742625,0.5678483283191899,0.5,5.0
5.971954018974262,0.5685052695713034,0.5,5.0
6.021954018974262,0.5691638239974486,0.5,5.0
6.071954018974262,0.5698239974507225,0.5,5.0
6.121954018974262,0.5704857958122659,0.5,5.0
6.171954018974262,0.5711492249914293,0.5,5.0
6.2219540189742615,0.571814290925941,0.5,5.0
6.271954018974261,0.5724809995820764,0.5,5.0
6.321954018974261,0.5731493569548279,0.5,5.0
6.371954018974261,0.5738193690680764,0.5,5.0
6.421954018974261,0.5744910419747641,0.5,5.0
6.471954018974261,0.5751643817570682,0.5,5.0
6.52195401897426,0.5758393945265764,0.5,5.0
6.57195401897426,0.5765160864244631,0.5,5.0
6.62195401897426,0.5771944636216667,0.5,5.0
6.67195401897426,0.5778745323190693,0.5,5.0
6.72195401897426,0.578556298747676,0.5,5.0
6.7719540189742595,0.5792397691687973,0.5,5.0
6.821954018974259,0.5799249498742312,0.5,5.0
6.871954018974259,0.5806118471864476,0.5,5.0
6.921954018974259,0.5813004674587741,0.5,5.0
6.971954018974259,0.5819908170755819,0.5,5.0
7.021954018974259,0.5826829024524748,0.5,5.0
7.0719540189742585,0.5833767300364783,0.5,5.0
7.121954018974258,0.5840723063062304,0.5,5.0
7.171954018974258,0.5847696377721741,0.5,5.0
7.221954018974258,0.5854687309767508,0.5,5.0
7.271954018974258,0.5861695924945955,0.5,5.0
7.321954018974258,0.5868722289327333,0.5,5.0
7.371954018974257,0.5875766469307768,0.5,5.0
7.421954018974257,0.5882828531611264,0.5,5.0
7.471954018974257,0.58899085432917,0.5,5.0
7.521954018974257,0.589700657173486,0.5,5.0
7.571954018974257,0.5904122684660467,0.5,5.0
7.6219540189742565,0.5911256950124236,0.5,5.0
7.671954018974256,0.5918409436519942,0.5,5.0
7.721954018974256,0.5925580212581503,0.5,5.0
7.771954018974256,0.5932769347385072,0.5,5.0
7.821954018974256,0.5939976910351158,0.5,5.0
7.871954018974256,0.594720297124675,0.5,5.0
7.921954018974255,0.5954447600187462,0.5,5.0
7.971954018974255,0.5961710867639696,0.5,5.0
8.021954018974256,0.5968992844422812,0.5,5.0
8.071954018974257,0.5976293601711328,0.5,5.0
8.121954018974257,0.5983613211037119,0.5,5.0
8.171954018974258,0.5990951744291652,0.5,5.0
8.221954018974259,0.599830927372822,0.5,5.0
8.27195401897426,0.6005685871964203,0.5,5.0
8.32195401897426,0.6013081611983343,0.5,5.0
8.371954018974261,0.6020496567138034,0.5,5.0
8.421954018974262,0.6027930811151632,0.5,5.0
8.471954018974262,0.6035384418120779,0.5,5.0
8.521954018974263,0.6042857462517752,0.5,5.0
8.571954018974264,0.6050350019192816,0.5,5.0
8.621954018974264,0.6057862163376608,0.5,5.0
8.671954018974265,0.6065393970682534,0.5,5.0
8.721954018974266,0.607294551710918,0.5,5.0
8.771954018974267,0.6080516879042744,0.5,5.0
8.821954018974267,0.6088108133259494,0.5,5.0
8.871954018974268,0.609571935692823,0.5,5.0
8.921954018974269,0.6103350627612772,0.5,5.0
8.97195401897427,0.6111002023274474,0.5,5.0
9.02195401897427,0.6118673622274743,0.5,5.0
9.071954018974271,0.6126365503377585,0.5,5.0
9.121954018974272,0.6134077745752172,0.5,5.0
9.171954018974272,0.6141810428975424,0.5,5.0
9.221954018974273,0.614956363303461,0.5,5.0
9.271954018974274,0.6157337438329976,0.5,5.0
9.321954018974274,0.6165131925677384,0.5,5.0
9.371954018974275,0.6172947176310977,0.5,5.0
9.421954018974276,0.6180783271885861,0.5,5.0
9.471954018974277,0.6188640294480813,0.5,5.0
9.521954018974277,0.6196518326601,0.5,5.0
9.571954018974278,0.6204417451180732,0.5,5.0
9.621954018974279,0.6212337751586219,0.5,5.0
9.67195401897428,0.622027931161837,0.5,5.0
9.72195401897428,0.6228242215515594,0.5,5.0
9.77195401897428,0.6236226547956634,0.5,5.0
9.821954018974282,0.6244232394063421,0.5,5.0
9.871954018974282,0.625225983940395,0.5,5.0
9.921954018974283,0.626030896999517,0.5,5.0
9.971954018974284,0.6268379872305913,0.5,5.0
10.021954018974284,0.627647263325983,0.5,5.0
10.071954018974285,0.628458734023836,0.5,5.0
10.121954018974286,0.6292724081083715,0.5,5.0
10.171954018974287,0.6300882944101891,0.5,5.0
10.221954018974287,0.6309064018065705,0.5,5.0
10.271954018974288,0.6317267392217855,0.5,5.0
10.321954018974289,0.6325493156273996,0.5,5.0
10.37195401897429,0.6333741400425852,0.5,5.0
10.42195401897429,0.6342012215344345,0.5,5.0
10.47195401897429,0.635030569218275,0.5,5.0
10.521954018974292,0.6358621922579877,0.5,5.0
10.571954018974292,0.636696099866327,0.5,5.0
10.621954018974293,0.6375323013052444,0.5,5.0
10.671954018974294,0.6383708058862138,0.5,5.0
10.721954018974294,0.6392116229705594,0.5,5.0
10.771954018974295,0.640054761969787,0.5,5.0
10.821954018974296,0.6409002323459164,0.5,5.0
10.871954018974296,0.6417480436118185,0.5,5.0
10.921954018974297,0.6425982053315529,0.5,5.0
10.971954018974298,0.6434507271207099,0.5,5.0
11.021954018974299,0.6443056186467543,0.5,5.0
11.0719540189743,0.645162889629372,0.5,5.0
11.1219540189743,0.6460225498408197,0.5,5.0
11.1719540189743,0.6468846091062775,0.5,5.0
11.221954018974301,0.6477490773042033,0.5,5.0
11.271954018974302,0.6486159643666913,0.5,5.0
11.321954018974303,0.6494852802798329,0.5,5.0
11.371954018974304,0.6503570350840798,0.5,5.0
11.421954018974304,0.6512312388746117,0.5,5.0
11.471954018974305,0.6521079018017045,0.5,5.0
11.521954018974306,0.6529870340711043,0.5,5.0
11.571954018974306,0.6538686459444016,0.5,5.0
11.621954018974307,0.6547527477394111,0.5,5.0
11.671954018974308,0.6556393498305524,0.5,5.0
11.721954018974309,0.6565284626492354,0.5,5.0
11.77195401897431,0.6574200966842475,0.5,5.0
11.82195401897431,0.6583142624821453,0.5,5.0
11.87195401897431,0.6592109706476481,0.5,5.0
11.921954018974311,0.6601102318440358,0.5,5.0
11.971954018974312,0.6610120567935491,0.5,5.0
12.021954018974313,0.6619164562777936,0.5,5.0
12.071954018974314,0.6628234411381468,0.5,5.0
12.121954018974314,0.6637330222761688,0.5,5.0
12.171954018974315,0.6646452106540157,0.5,5.0
12.221954018974316,0.6655600172948575,0.5,5.0
12.271954018974316,0.6664774532832979,0.5,5.0
12.321954018974317,0.6673975297657992,0.5,5.0
12.371954018974318,0.6683202579511096,0.5,5.0
12.421954018974319,0.6692456491106941,0.5,5.0
12.47195401897432,0.6701737145791692,0.5,5.0
12.52195401897432,0.6711044657547415,0.5,5.0
12.57195401897432,0.6720379140996493,0.5,5.0
12.621954018974321,0.6729740711406081,0.5,5.0
12.671954018974322,0.6739129484692601,0.5,5.0
12.721954018974323,0.6748545577426266,0.5,5.0
12.771954018974323,0.6757989106835653,0.5,5.0
12.821954018974324,0.6767460190812306,0.5,5.0
12.871954018974325,0.6776958947915376,0.5,5.0
12.921954018974326,0.6786485497376309,0.5,5.0
12.971954018974326,0.6796039959103564,0.5,5.0
13.021954018974327,0.6805622453687372,0.5,5.0
13.071954018974328,0.6815233102404542,0.5,5.0
13.121954018974328,0.6824872027223297,0.5,5.0
13.17195401897433,0.6834539350808156,0.5,5.0
13.22195401897433,0.6844235196524862,0.5,5.0
13.27195401897433,0.6853959688445336,0.5,5.0
13.321954018974331,0.6863712951352693,0.5,5.0
13.371954018974332,0.6873495110746283,0.5,5.0
13.421954018974333,0.6883306292846785,0.5,5.0
13.471954018974333,0.6893146624601341,0.5,5.0
13.521954018974334,0.690301623368873,0.5,5.0
13.571954018974335,0.6912915248524595,0.5,5.0
13.621954018974336,0.6922843798266702,0.5,5.0
13.671954018974336,0.6932802012820257,0.5,5.0
13.721954018974337,0.6942790022843255,0.5,5.0
13.771954018974338,0.6952807959751887,0.5,5.0
13.821954018974338,0.6962855955725982,0.5,5.0
13.871954018974339,0.6972934143714508,0.5,5.0
13.92195401897434,0.6983042657441105,0.5,5.0
13.97195401897434,0.6993181631409682,0.5,5.0
14.021954018974341,0.7003351200910046,0.5,5.0
14.071954018974342,0.7013551502023593,0.5,5.0
14.121954018974343,0.7023782671629037,0.5,5.0
14.171954018974343,0.7034044847408201,0.5,5.0
14.221954018974344,0.7044338167851838,0.5,5.0
14.271954018974345,0.7054662772265529,0.5,5.0
14.321954018974346,0.7065018800775608,0.5,5.0
14.371954018974346,0.7075406394335151,0.5,5.0
14.421954018974347,0.7085825694730018,0.5,5.0
14.471954018974348,0.7096276844584937,0.5,5.0
14.521954018974348,0.7106759987369652,0.5,5.0
14.571954018974349,0.7117275267405121,0.5,5.0
14.62195401897435,0.7127822829869764,0.5,5.0
14.67195401897435,0.7138402820805774,0.5,5.0
14.721954018974351,0.714901538712547,0.5,5.0
14.771954018974352,0.7159660676617725,0.5,5.0
14.821954018974353,0.717033883795443,0.5,5.0
14.871954018974353,0.7181050020697028,0.5,5.0
14.921954018974354,0.7191794375303103,0.5,5.0
14.971954018974355,0.7202572053133024,0.5,5.0
15.021954018974355,0.7213383206456648,0.5,5.0
15.071954018974356,0.7224227988460088,0.5,5.0
15.121954018974357,0.723510655325253,0.5,5.0
15.171954018974358,0.7246019055873126,0.5,5.0
15.221954018974358,0.7256965652297931,0.5,5.0
15.271954018974359,0.7267946499446913,0.5,5.0
15.32195401897436,0.7278961755191024,0.5,5.0
15.37195401897436,0.7290011578359327,0.5,5.0
15.421954018974361,0.7301096128746197,0.5,5.0
15.471954018974362,0.7312215567118581,0.5,5.0
15.521954018974363,0.7323370055223317,0.5,5.0
15.571954018974363,0.7334559755794534,0.5,5.0
15.621954018974364,0.7345784832561101,0.5,5.0
15.671954018974365,0.7357045450254156,0.5,5.0
15.721954018974365,0.7368341774614696,0.5,5.0
15.771954018974366,0.7379673972401238,0.5,5.0
15.821954018974367,0.7391042211397548,0.5,5.0
15.871954018974368,0.740244666042044,0.5,5.0
15.921954018974368,0.7413887489327644,0.5,5.0
15.971954018974369,0.7425364869025753,0.5,5.0
16.02195401897437,0.7436878971478232,0.5,5.0
16.07195401897437,0.7448429969713503,0.5,5.0
16.12195401897437,0.7460018037833106,0.5,5.0
16.171954018974372,0.7471643351019936,0.5,5.0
16.221954018974373,0.748330608554655,0.5,5.0
16.271954018974373,0.7495006418783551,0.5,5.0
16.321954018974374,0.7506744529208048,0.5,5.0
16.371954018974375,0.7518520596412205,0.5,5.0
16.421954018974375,0.7530334801111848,0.5,5.0
16.471954018974376,0.7542187325155167,0.5,5.0
16.521954018974377,0.7554078351531497,0.5,5.0
16.571954018974377,0.7566008064380169,0.5,5.0
16.621954018974378,0.7577976648999453,0.5,5.0
16.67195401897438,0.7589984291855584,0.5,5.0
16.72195401897438,0.7602031180591863,0.5,5.0
16.77195401897438,0.7614117504037851,0.5,5.0
16.82195401897438,0.7626243452218644,0.5,5.0
16.87195401897438,0.7638409216364236,0.5,5.0
16.921954018974382,0.7650614988918968,0.5,5.0
16.971954018974383,0.7662860963551065,0.5,5.0
17.021954018974384,0.7675147335162263,0.5,5.0
17.071954018974385,0.768747429989753,0.5,5.0
17.121954018974385,0.7699842055154865,0.5,5.0
17.171954018974386,0.7712250799595207,0.5,5.0
17.221954018974387,0.7724700733152423,0.5,5.0
17.271954018974387,0.7737192057043396,0.5,5.0
17.321954018974388,0.7749724973778208,0.5,5.0
17.37195401897439,0.7762299687170418,0.5,5.0
17.42195401897439,0.7774916402347434,0.5,5.0
17.47195401897439,0.7787575325760991,0.5,5.0
17.52195401897439,0.7800276665197723,0.5,5.0
17.57195401897439,0.7813020629789833,0.5,5.0
17.621954018974392,0.7825807430025871,0.5,5.0
17.671954018974393,0.7838637277761609,0.5,5.0
17.721954018974394,0.7851510386231025,0.5,5.0
17.771954018974395,0.7864426970057387,0.5,5.0
17.821954018974395,0.7877387245264441,0.5,5.0
17.871954018974396,0.7890391429287718,0.5,5.0
17.921954018974397,0.7903439740985935,0.5,5.0
17.971954018974397,0.7916532400652516,0.5,5.0
18.021954018974398,0.7929669630027218,0.5,5.0
18.0719540189744,0.7942851652307872,0.5,5.0
18.1219540189744,0.7956078692162233,0.5,5.0
18.1719540189744,0.7969350975739953,0.5,5.0
18.2219540189744,0.7982668730684661,0.5,5.0
18.2719540189744,0.7996032186146166,0.5,5.0
18.321954018974402,0.8009441572792773,0.5,5.0
18.371954018974403,0.8022897122823726,0.5,5.0
18.421954018974404,0.8036399069981766,0.5,5.0
18.471954018974404,0.8049947649565814,0.5,5.0
18.521954018974405,0.806354309844378,0.5,5.0
18.571954018974406,0.8077185655065489,0.5,5.0
18.621954018974407,0.8090875559475744,0.5,5.0
18.671954018974407,0.8104613053327516,0.5,5.0
18.721954018974408,0.8118398379895252,0.5,5.0
18.77195401897441,0.8132231784088328,0.5,5.0
18.82195401897441,0.814611351246463,0.5,5.0
18.87195401897441,0.8160043813244262,0.5,5.0
18.92195401897441,0.8174022936323402,0.5,5.0
18.97195401897441,0.8188051133288285,0.5,5.0
19.021954018974412,0.8202128657429333,0.5,5.0
19.071954018974413,0.8216255763755412,0.5,5.0
19.121954018974414,0.8230432709008252,0.5,5.0
19.171954018974414,0.8244659751676987,0.5,5.0
19.221954018974415,0.825893715201286,0.5,5.0
19.271954018974416,0.827326517204406,0.5,5.0
19.321954018974417,0.828764407559072,0.5,5.0
19.371954018974417,0.8302074128280055,0.5,5.0
19.421954018974418,0.8316555597561658,0.5,5.0
19.47195401897442,0.8331088752722949,0.5,5.0
19.52195401897442,0.834567386490478,0.5,5.0
19.57195401897442,0.8360311207117193,0.5,5.0
19.62195401897442,0.8375001054255341,0.5,5.0
19.67195401897442,0.8389743683115575,0.5,5.0
19.721954018974422,0.8404539372411682,0.5,5.0
19.771954018974423,0.8419388402791301,0.5,5.0
19.821954018974424,0.8434291056852494,0.5,5.0
19.871954018974424,0.8449247619160495,0.5,5.0
19.921954018974425,0.8464258376264624,0.5,5.0
19.971954018974426,0.8479323616715381,0.5,5.0
20.0,0.8487797965634019,0.5,5.0
